date,agg,combo
2020-08-27,0.02619270076790262,0.00026664420820760786
2020-08-28,0.018982785334848082,-0.0026813504501625634
2020-08-31,0.05764561022172537,0.0029041320168541837
2020-09-01,0.02045603559477957,-0.0031624608876919718
2020-09-02,0.552499080763141,-0.0010308507857319806
2020-09-03,0.5472732660849944,-0.0004400530031900493
2020-09-04,0.0256079704275134,-0.009820891775079717
2020-09-08,0.5468548898377094,-0.0009695057373511581
2020-09-09,0.06582505515275573,-0.0012358112995581858
2020-09-10,0.2561869577127319,-0.0031628514678510656
2020-09-11,0.25496087494687925,-0.00536333796762592
2020-09-14,0.26553710334176217,-0.005431462643442599
2020-09-15,0.2633573829161145,-0.0004589540943223105
2020-09-16,0.2688987182926535,0.0005893698565134636
2020-09-17,0.27066659049556224,0.0005827968334561127
2020-09-18,0.5542125532495024,-0.0033517503922234747
2020-09-21,0.5521813991846791,-0.00033233214797463327
2020-09-22,0.5650086526554718,0.0011783151111952144
2020-09-23,0.5462650574193781,0.003188675220171952
2020-09-24,0.5979932512918114,-0.004115287868904355
2020-09-25,0.5633951911448493,0.002625427583811862
2020-09-28,0.5477805253612644,-0.0007722061124373809
2020-09-29,0.5641578032000687,-0.004740538725526215
2020-09-30,0.2730355065121765,0.0018540618436939747
2020-10-01,0.5615903702351689,0.004607718289444132
2020-10-02,0.26291993060696894,0.004061276887439732
2020-10-05,0.2606580293941779,-0.0002022061842729061
2020-10-06,0.5948139701128583,-0.0006755840959220159
2020-10-07,0.5474891857306964,-0.00140982510949096
2020-10-08,0.544080344716605,0.0011715108929942792
2020-10-09,0.5577182385837834,-0.0006764617196626196
2020-10-12,0.3076687717289436,0.0015367576474275676
2020-10-13,0.60925377155148,0.0034641169729414476
2020-10-14,0.6241814370501377,0.003517588960260409
2020-10-15,0.32336227157078357,-0.0007910166565313568
2020-10-16,0.6281782292285701,0.002577348244491284
2020-10-19,0.6122160467886527,0.00272089629070206
2020-10-20,0.3283537756984629,-0.0011930502331736212
2020-10-21,0.33820655579337056,0.0021147256475862173
2020-10-22,0.2548206754082753,0.00016566405885281421
2020-10-23,0.549111321546818,-0.0021861644408461747
2020-10-26,0.567116411089969,-0.002951474289824763
2020-10-27,0.3285842783566125,-0.002097793957491427
2020-10-28,0.5891043671809855,0.00026497204264134145
2020-10-29,0.3394371418567123,0.001681852384964985
2020-10-30,0.5667140144263573,0.001106120607756729
2020-11-02,0.26912187893620365,0.0027367102366931476
2020-11-03,0.2600122527278133,-0.0023539873749039214
2020-11-04,0.5943078337329387,0.004991233403411576
2020-11-05,0.2990592531036393,0.0015202817128762275
2020-11-06,0.3103572637541078,0.010655544729373119
2020-11-09,0.5618641402710794,-0.0035747531809569607
2020-11-10,0.03605486224457557,-0.0010032132148201673
2020-11-11,0.2602923487547676,-0.00361002236977169
2020-11-12,0.2640974638437795,0.0028645322728077724
2020-11-13,0.26984557904605155,0.003091855974962852
2020-11-16,0.02423812618456819,0.001393098999336608
2020-11-17,0.2677104245758218,0.000861488480638467
2020-11-30,0.030010119059742272,-0.0011023012163875142
2020-12-01,0.03877501262882259,-0.0017041527110455523
2020-12-02,0.039092877290281214,0.0004962103186482
2020-12-03,0.022154841613978727,0.0023153810563509443
2020-12-04,0.038346894927045065,0.0014135248873847449
2020-12-07,0.020821656507033222,0.0006047235004412395
2020-12-08,0.03341247127705405,-0.0022482235761120497
2020-12-09,0.04759722923890245,0.003860071584235291
2020-12-10,0.011983477869707644,-2.8385083597363427e-05
2020-12-11,0.036784049963108904,-0.0007955752159962305
2020-12-14,0.03256097733394224,0.0030864089826663967
2020-12-15,0.03215023757395805,0.0017250836834581105
2020-12-16,0.04320067371840927,0.003234555895130548
2020-12-17,0.02267989979406146,0.0027805674340880175
2020-12-18,0.013575330548957057,0.006603040978053662
2020-12-21,0.02526711519552498,0.006196790928994439
2020-12-22,0.04362962465995199,0.00461122744433717
2020-12-23,0.03496852281642771,0.001817865572879118
2020-12-24,0.03405200503633695,-0.0032568609089485595
2020-12-28,0.05029226616250885,-0.003200723736501093
2020-12-29,0.0287768530408676,0.0017544106284918509
2020-12-30,0.02958472643748153,-0.005295799152096515
2020-12-31,0.029222388715530376,-0.006089710394343608
2021-01-04,0.3767458726801556,0.003853175707699286
2021-01-05,0.030249553916327117,0.0020356590620242213
2021-01-06,0.3664004552308398,0.0011714529550166063
2021-01-07,0.028985514366195515,-0.0003560039759339968
2021-01-08,0.033350835256558145,2.3183455088588312e-05
2021-01-11,0.055763153888514355,0.005487875993427255
2021-01-12,0.05291647029290848,-0.0007261037659191988
2021-01-13,0.024201981245356555,0.007902363413978366
2021-01-14,0.1327338773538892,-0.0017786948750273272
2021-01-15,0.36545792613679784,0.004893990877874819
2021-01-19,0.043561049916856234,0.001932638953576794
2021-01-20,0.02405127604533377,-0.0001955956322573279
2021-01-21,0.021474981718799836,0.0030578059180499254
2021-01-22,0.09063378882412804,-0.0011419162874237326
2021-01-25,0.08578865378335296,0.006213895877137296
2021-01-26,0.05635976393882542,-0.004182504409474134
2021-01-27,0.09121388382507165,-0.003453126937302154
2021-01-28,0.3551272430945755,-0.0014788628182499154
2021-01-29,0.07804155517429352,0.00694184392208604
2021-02-01,0.02129189729594413,-0.000984819589560024
2021-02-02,0.031308703959569695,-6.239842451669336e-05
2021-02-03,0.00432994378353465,0.0027242629794376532
2021-02-04,0.011369826435301994,0.0040026216304172675
2021-02-05,0.015811961060531177,0.0042231053334121325
2021-02-08,0.010505018447543465,-0.0012876501780055977
2021-02-09,0.017301052444183285,-0.0033345934841327363
2021-02-10,0.03841358376092137,0.004247261801213598
2021-02-11,0.009400317469592537,0.000937850342507116
2021-02-12,0.012498147240120052,-0.00016079344270375907
2021-02-16,0.023312715743066603,-0.004291271253870446
2021-02-17,0.026965581050994437,0.0009013846183784359
2021-03-01,0.02809536160447919,-0.0032463285717750125
2021-03-02,0.15281904912073122,-0.0030572355878537814
2021-03-03,0.3286731742033844,-0.003731689674410607
2021-03-04,0.12956842215921846,-0.0005577717081118828
2021-03-05,0.11998494854479792,0.0009083066693904006
2021-03-08,0.12672220589114574,0.0016443521134198824
2021-03-09,0.02363185171233435,0.0016548033769957717
2021-03-10,0.07762916366714484,0.004894937805079231
2021-03-11,0.020385229595062344,0.004367919703768099
2021-03-12,0.10779785026664236,0.001951078644105274
2021-03-15,0.03849932596385355,0.0002963623145276831
2021-03-16,0.07216074556735033,0.004492355775025292
2021-03-17,0.03817588170645239,-0.0039914259485184615
2021-03-18,0.3050457653327283,0.0033437315543455542
2021-03-19,0.236433443899161,-0.00019737874546590017
2021-03-22,0.05291876124912686,-0.002583155829915468
2021-03-23,0.09879871715625568,-0.0065482489226332515
2021-03-24,0.11859899222334909,0.0011038227503441544
2021-03-25,0.37155484955322304,0.0017701830533936736
2021-03-26,0.08099054938127076,-0.004660722896780823
2021-03-29,0.31520734164090514,-0.005455247215961127
2021-03-30,0.3129205230470429,0.0005356635805710327
2021-03-31,0.026816534796000904,0.0079459033999857
2021-04-01,0.02938912349376764,0.0002104216646232242
2021-04-05,0.0922512790009751,0.0005555550941794794
2021-04-06,0.07410058175888061,-0.004087393781853368
2021-04-07,0.09791139369104661,0.0019745565070362946
2021-04-08,0.03171931236453535,-0.0014114883478402586
2021-04-09,0.12286289050435505,-0.0018523229812257046
2021-04-12,0.04149157562852101,-0.002379178101328069
2021-04-13,0.03459442981399108,0.0028367309050615483
2021-04-14,0.2889652270773074,-0.00173331849110823
2021-04-15,0.03677539741047365,-0.001984356854616116
2021-04-16,0.08953140194262574,-0.0006619170647952867
2021-04-19,0.07867975357330767,-0.003486792965319774
2021-04-20,0.05910400939557357,-0.0010922144551138713
2021-04-21,0.28829521929965596,0.0005284981289250602
2021-04-22,0.032952558409941865,-0.0014713001005093006
2021-04-23,0.03258811753571835,0.0008781604026968069
2021-04-26,0.040182617908532156,0.007610826740333012
2021-04-27,0.07040715713451966,0.001255393717685406
2021-04-28,0.046797206730708335,0.00040068528505517436
2021-04-29,0.13156167170407193,-0.001818408666540038
2021-04-30,0.04526758058425049,-0.0018478667452535933
2021-05-03,0.2949577204935999,-0.0022057521260359318
2021-05-04,0.10057616336291489,-0.0017121201360391337
2021-05-05,0.1105496750744472,0.0032689929074961846
2021-05-06,0.2940190091129247,-0.001476473556254031
2021-05-07,0.09476846255270867,0.002569793431413362
2021-05-10,0.30808051218273325,0.0075212227665653
2021-05-11,0.09398210480951627,-0.0036481887391713085
2021-05-12,0.1116065482118362,-0.003854587661896277
2021-05-13,0.3089371445447321,0.0052035471028955525
2021-05-14,0.030804526047982977,0.0006513168160744256
2021-05-17,0.08063331698486621,0.004131643224632928
2021-05-18,0.10126544308084125,-0.003523162433811657
2021-05-28,0.12804569105984964,-0.0019814863185017356
2021-06-01,0.05229489475371525,-0.0038788708755312607
2021-06-02,0.04637311491233961,0.006680503276452206
2021-06-03,0.14557501870241316,-0.0020584981517166577
2021-06-04,0.0714241248195686,0.0008299423304285944
2021-06-07,0.0815386031996324,0.0019066220123504112
2021-06-08,0.13148193014871687,-0.00025795366088991506
2021-06-09,0.03824819182942471,-0.0063965252486279465
2021-06-10,0.09863129213143076,0.0013264174799773444
2021-06-11,0.07420062274421658,-0.0033967647139847394
2021-06-14,0.12015846930139497,0.004575461840604397
2021-06-15,0.11630153973300447,0.0010643781732170548
2021-06-16,0.10774159375432513,-0.007620227609997376
2021-06-17,0.14413505154325054,-0.005699708869944735
2021-06-18,0.04811524868080662,0.003686555389855275
2021-06-21,0.11951248502933555,-0.004888276269295484
2021-06-22,0.08938924645144888,-0.002818109224054813
2021-06-23,0.0933487219125539,0.0008649913393321226
2021-06-24,0.1301266102385693,-0.0002874730171089309
2021-06-25,0.10537952178363133,-5.430072714428507e-05
2021-06-28,0.0909453550043224,-0.005181914784633276
2021-06-29,0.1049174646365549,-0.0018561067556680524
2021-06-30,0.1513949986388469,0.0005765460486702103
2021-07-01,0.09831089270333082,-0.006016787226600936
2021-07-02,0.17029085246375997,-0.0014746957941640612
2021-07-06,0.05896578893411328,0.00017818032629634108
2021-07-07,0.13958183795782997,-0.0005504070814415592
2021-07-08,0.0661955925123318,0.001175959142465417
2021-07-09,0.033745601616023205,0.0022350536937369224
2021-07-12,0.12251033014209028,-0.004802467065596849
2021-07-13,0.05012136887231038,-0.0028121656955123874
2021-07-14,0.19231697245887455,0.002204422219247824
2021-07-15,0.08812872184046648,-0.00462348772933922
2021-07-16,0.08372650263631005,0.0008746788282297056
2021-07-19,0.13140669783036832,-0.001969860053680788
2021-07-20,0.07250283136658692,-0.0002994141392388774
2021-07-21,0.08640869070236551,-0.004380486875846809
2021-07-22,0.07302060173282898,0.0008879073404189203
2021-07-23,0.0713896119146764,-0.003110523029244864
2021-07-26,0.1173768344830039,-0.0011803533897520846
2021-07-27,0.14323959153353238,-0.0002866738914796829
2021-07-28,0.07542399332447944,0.001339487512346856
2021-07-29,0.17485991512438592,-0.004411799036906482
2021-07-30,0.14768902463293035,-2.5184329896114476e-05
2021-08-02,0.10461982648568698,0.003331808343769899
2021-08-03,0.14451993418732717,0.0021850915424317793
2021-08-04,0.09556481572123404,0.001939495884501303
2021-08-05,0.09033979942989614,0.00017011333797899196
2021-08-06,0.15305695791997173,-0.0018482226174034685
2021-08-09,0.07354087609479311,-0.003666091299027907
2021-08-10,0.07650825089815876,0.004118998216028162
2021-08-11,0.07121206133958805,0.00027599911437768557
2021-08-12,0.07508602795225623,-0.0007878599630539104
2021-08-13,0.0536872891591213,0.0026315850468262457
2021-08-16,0.10944167478235194,0.000615311864061668
2021-08-17,0.04813581545399373,-0.0030116214130442073
2021-08-27,0.18058010215635623,-0.002491382289317441
2021-08-30,0.22267078093594805,-0.0020079145144913492
2021-08-31,0.20238699557879303,0.001418157951394939
2021-09-01,0.03475540017438836,0.004981314988700393
2021-09-02,0.21728701575703013,-0.0024822060691954643
2021-09-03,0.14022714321860563,0.00415586762085283
2021-09-07,0.08943108295373585,0.002053984204496007
2021-09-08,0.26699384355141026,0.004224172835060136
2021-09-09,0.1896311987240928,0.0023392154177047245
2021-09-10,0.09372940779792972,0.005179442641540984
2021-09-13,0.2298098291964127,-0.002015166223904683
2021-09-14,0.12709370477045068,0.0014688586909318265
2021-09-15,0.18503199786449895,0.0005859929736281892
2021-09-16,0.07825024002515028,-0.0050131463502450496
2021-09-17,0.06182669654936365,-0.0038806440535305653
2021-09-20,0.14632222445899967,-0.0008926182165570453
2021-09-21,0.034258752292857735,0.0014640994638961027
2021-09-22,0.13957988750238645,-0.0025314104473456956
2021-09-23,0.02550114670625809,-0.002865084241642009
2021-09-24,0.12469354591754946,-0.0011794897896238278
2021-09-27,0.08281674986895853,0.003403907565897331
2021-09-28,0.0947584006156748,0.000447826301327091
2021-09-29,0.04188194733585468,-0.00037876831785758945
2021-09-30,0.10462195829088848,0.001990359370868414
2021-10-01,0.14627388099207736,-0.0009407459782223454
2021-10-04,0.1669072959305887,0.0006878697855184023
2021-10-05,0.026838483465661298,-0.0010320051231042177
2021-10-06,0.04884334037621537,0.0030298080467162972
2021-10-07,0.06777692880938468,-0.0007290887215904186
2021-10-08,0.053417781758123645,-0.0050421289904630075
2021-10-11,0.1903237339324019,-0.004565577802538537
2021-10-12,0.03149705852763822,0.007935932535901354
2021-10-13,0.04647541317586631,0.004298744821731893
2021-10-14,0.024306663888633746,0.00031537418407461904
2021-10-15,0.02791197522308296,-0.003720343596739453
2021-10-18,0.052829185003697425,0.001231111856593654
2021-10-19,0.09667080887315616,0.0019694670667897633
2021-10-20,0.09155795077205234,-0.0011129234552580405
2021-10-21,0.03961456941347028,0.005048031743258551
2021-10-22,0.05818436134068271,0.00161206467186354
2021-10-25,0.10159411067180246,-0.00016980467268680227
2021-10-26,0.07858247887875773,-0.004370689946983366
2021-10-27,0.13346767052697503,0.005493472268741379
2021-10-28,0.10456145072506924,-0.0022619394960322198
2021-10-29,0.0347262255941843,0.0008081766399848506
2021-11-01,0.030892580643435086,-0.006787891916985889
2021-11-02,0.23461350286155797,-0.0028456166692486804
2021-11-03,0.046010449321723136,-0.004579902028328396
2021-11-04,0.07317623009416621,0.003711971906524473
2021-11-05,0.20689331279140055,-0.002033140674386304
2021-11-08,0.054151737889606144,-0.004721397060583169
2021-11-09,0.07869770595141118,0.0012632981330731926
2021-11-10,0.10674632869773949,-0.004870386626940434
2021-11-11,0.09102772524351706,-0.00149800224118859
2021-11-12,0.20681308157451167,0.002701185239297692
2021-11-15,0.25881852711842884,-0.000413665033409017
2021-11-16,0.04306391589743507,0.0006920455199355621
2021-11-17,0.23109732003010836,-0.0028137714382571845
2021-11-30,0.11062787737950203,0.0047286211477542365
2021-12-01,0.28152404396187625,-8.526537417700812e-05
2021-12-02,0.09637526462601571,0.003838256992691546
2021-12-03,0.3472285369679557,-0.003886394636722855
2021-12-06,0.15265556162277139,-0.0022124911287557886
2021-12-07,0.09521217275105673,-0.00020577426423883235
2021-12-08,0.16798298775002268,0.0037271265690428873
2021-12-09,0.16270054497287295,0.0011928755705386306
2021-12-10,0.15455220135535372,0.0003567994019946126
2021-12-13,0.21413394251245965,-0.010441932108366494
2021-12-14,0.19432905808527784,-0.008709286911786202
2021-12-15,0.13998642192652658,0.028182775880155816
2021-12-16,0.21670110856554042,-0.00883867306600181
2021-12-17,0.07486918519561539,-0.004648239196904507
2021-12-20,0.20525735048189425,-0.007723965405730762
2021-12-21,0.08179465765504292,0.001721519819354868
2021-12-22,0.22715236593000332,-0.0019375618775814177
2021-12-23,0.1599196675422975,0.013729445575851087
2021-12-27,0.19331957480777007,-0.0021788773476456007
2021-12-28,0.20748598255918252,-0.0035657597832332508
2021-12-29,0.15612360861345018,-0.0006402891109315682
2021-12-30,0.10052670744644072,0.0015866917834817078
2021-12-31,0.2346154612756791,0.0008068464936505171
2022-01-03,0.15590901683442973,0.010022089778472746
2022-01-04,0.1569748033555204,0.0003865347901805278
2022-01-05,0.25982173855827345,-0.004241608059601206
2022-01-06,0.029069277096563102,-0.003860026986025806
2022-01-07,0.04209780977255454,-0.002972429049384507
2022-01-10,0.12708043542004469,-0.0014898398688735727
2022-01-11,0.02785306800551255,0.00605376747689767
2022-01-12,0.09631610506721981,0.010239093353872174
2022-01-13,0.22811629386179572,-0.0013379001631793315
2022-01-14,0.11387831125649871,0.007423861304432832
2022-01-18,0.2018971038021497,-0.0014642758609925903
2022-01-19,0.10912328772386368,-0.0007652622991350808
2022-01-20,0.08430963690469129,0.0031367592258498395
2022-01-21,0.3588255304612236,0.0004271045027477323
2022-01-24,0.1543014220030854,0.008348707469602153
2022-01-25,0.25140005016674655,0.00634501668514583
2022-01-26,0.2340253535973915,0.006761712901679986
2022-01-27,0.19480980934683298,2.5912396663870267e-06
2022-01-28,0.08266281897352144,-0.013142647347649585
2022-01-31,0.09189365333022345,-0.0014745282584849107
2022-02-01,0.08485718153485527,0.013459965016055692
2022-02-02,0.3672044414785172,0.0059137136120332515
2022-02-03,0.34131042956572943,-0.003875025057919171
2022-02-04,0.11565828385277376,-0.0016384279008383271
2022-02-07,0.14963650688983887,0.0029552277766610904
2022-02-08,0.18459058265449607,-0.005205077486582582
2022-02-09,0.09218809865254528,0.0021700982753716687
2022-02-10,0.14766452864136587,0.008836148159961324
2022-02-11,0.315634456434442,-0.0008732712647855447
2022-02-14,0.23043480366618901,-0.009767199700559774
2022-02-15,0.12063345019529974,0.004670102904476063
2022-02-16,0.325538734238831,0.005137224447575439
2022-03-01,0.08699151616842934,-0.010510007524242991
2022-03-02,0.2011801331076855,0.0056242636942680415
2022-03-03,0.25860820152426905,0.0004100577576725186
2022-03-04,0.31361780879840667,0.004211494440540233
2022-03-07,0.1974434759883455,-0.006639018836001517
2022-03-08,0.15055209542552742,-0.004982879077785987
2022-03-09,0.10215707961066083,0.0021338113177461517
2022-03-10,0.4606189721511716,0.0074233940286646165
2022-03-11,0.23005551781514114,0.0063210095700148225
2022-03-14,0.4906887984857848,-0.004386558852869082
2022-03-15,0.12750395916519436,-0.013063093533994322
2022-03-16,0.11577856104188816,-0.007585583850325851
2022-03-17,0.1295642109841968,0.000540312565880085
2022-03-18,0.13185888763834605,0.0020272086704319755
2022-03-21,0.16265226186138088,-0.003965491844523977
2022-03-22,0.07806991448063172,-0.002257315403709148
2022-03-23,0.13362853498529104,-0.0022400881930019446
2022-03-24,0.13170059804381778,0.006321449972498374
2022-03-25,0.18085071722892831,0.0041984714984645115
2022-03-28,0.13593797342132236,-0.0032779200257492544
2022-03-29,0.07829829309778472,0.003659593040892631
2022-03-30,0.10994658048753064,0.009996097382755706
2022-03-31,0.15764535686927691,-0.010619030919712134
2022-04-01,0.14309662307798146,-0.009047697288912105
2022-04-04,0.13023507761164707,0.0020729375899591345
2022-04-05,0.1537216660855086,-0.004272431822953626
2022-04-06,0.17191907932396916,0.004599653079414243
2022-04-07,0.17204767618400266,0.0090867161257575
2022-04-08,0.13525183843444283,-0.0038706073790434384
2022-04-11,0.12863660580875602,0.001146951317485844
2022-04-12,0.14714800272732756,-0.004553972526484032
2022-04-13,0.12174808487746286,0.005344337319462613
2022-04-14,0.45367532866637345,0.00766466897130138
2022-04-18,0.20201038379886657,-0.003964255499417051
2022-04-19,0.12113149027663943,0.0054768361894979144
2022-04-20,0.25239558951481356,0.004450797227569677
2022-04-21,0.25187355200600137,0.0030724094817725645
2022-04-22,0.17688886863161588,-0.0009196014605215579
2022-04-25,0.1223281778555421,0.00823900906005761
2022-04-26,0.23520117084576542,-0.00022529883602297272
2022-04-27,0.1912202979330196,-0.004453548008862253
2022-04-28,0.11035695877156748,0.0029400551936804836
2022-04-29,0.25801715626204436,-0.005302396839128937
2022-05-02,0.10881228232639359,0.0065641856153889145
2022-05-03,0.26191326380490454,-0.002111656782733066
2022-05-04,0.14946647731045498,0.00658272777660454
2022-05-05,0.20664252608629277,0.002878336893130569
2022-05-06,0.2627906392930017,0.007295851856574989
2022-05-09,0.2887398629172484,0.004700215228311145
2022-05-10,0.17631949322684556,0.012680372084150638
2022-05-11,0.2508149750377829,-0.01512248601575622
2022-05-12,0.37457596075326116,-0.008238232976920161
2022-05-13,0.050164740737339994,0.00747104823504108
2022-05-16,0.2337117917326967,-0.007728736889001449
2022-05-17,0.11037000548001952,0.012861728095713844
2022-05-18,0.4564542130761581,0.003469662479576038
2022-05-31,0.05151991428437274,0.0029408807335886394
2022-06-01,0.08247280030906934,-0.0052076942855269134
2022-06-02,0.028848671438768174,0.0034275189152873312
2022-06-03,0.44866064912757053,0.00043139249479554054
2022-06-06,0.057868859914072,-0.006705922771486285
2022-06-07,0.08914804896811772,-0.004326893086132405
2022-06-08,0.019486101511241367,0.0034232781445073805
2022-06-09,0.08234479470329484,0.005237366734678097
2022-06-10,0.15673530169051447,0.0035746191495881485
2022-06-13,0.19423212428873615,-0.0005691098565885561
2022-06-14,0.0460690918385648,-0.00476653166690841
2022-06-15,0.03904022169866265,0.0002715603594450819
2022-06-16,0.18874173126909827,-0.000615286738041676
2022-06-17,0.012880504314021778,0.0034995582320677845
2022-06-21,0.07647757064935302,0.00012968125579374424
2022-06-22,0.05726767316146409,-0.009426930378688057
2022-06-23,0.040582086864408076,0.0028042940291478973
2022-06-24,0.028111955652179915,0.010524165432162252
2022-06-27,0.059206372539173616,0.004505167115169019
2022-06-28,0.09426036561569431,0.002175499798528629
2022-06-29,0.07099899484632695,-0.0029859999261992514
2022-06-30,0.08877588452169925,-0.009807699362954411
2022-07-01,0.018992688108520762,-0.0068739501171735835
2022-07-05,0.058322249828848774,-0.004494493607279853
2022-07-06,0.10771617511161038,0.0017650553142120433
2022-07-07,0.03772662991617611,-0.0013097758782887855
2022-07-08,0.028739080844134346,0.0037258079462966047
2022-07-11,0.12902539684695838,0.006013766071532544
2022-07-12,0.07666858575256029,-0.0028705157611930276
2022-07-13,0.01946853384273077,0.006520147878945573
2022-07-14,0.09935008172074947,-0.005774888190602648
2022-07-15,0.016122689626227454,0.00470661403418955
2022-07-18,0.020616642058705746,-0.009632758285242744
2022-07-19,0.023879351916406708,-0.003009988096356309
2022-07-20,0.03163680212907715,-0.016780152530360717
2022-07-21,0.038698622902686934,-0.00015956749949373045
2022-07-22,0.11686833991966082,0.004944177820998259
2022-07-25,0.08539575325861537,0.001989912491472163
2022-07-26,0.05926788923499298,0.0003550488486322952
2022-07-27,0.06468013200024762,0.007633873245002013
2022-07-28,0.06829571901559639,0.0030330491325635265
2022-07-29,0.0649473242409079,0.00439020906101774
2022-08-01,0.07644783593683539,-0.002875690788415746
2022-08-02,0.025905869732647722,-0.003132339097033653
2022-08-03,0.02163800175761876,-0.006217886415380635
2022-08-04,0.06432710924373464,-0.003079993037429735
2022-08-05,0.06383668742302975,0.002107194040879618
2022-08-08,0.07077165797192328,0.000928127963566585
2022-08-09,0.09192813245494696,-0.010629230562120699
2022-08-10,0.06947382762296815,-0.0028608698513601285
2022-08-11,0.08776366805921892,0.003996575265407748
2022-08-12,0.06514238365172427,-0.004027948702098425
2022-08-15,0.06934939052390755,-0.0001885653573458516
2022-08-16,0.09056150053829912,0.004301883159188879
2022-08-17,0.16697429876259978,0.0021055240631579005
2022-08-29,0.02865831815274077,-0.0023706319360135134
2022-08-30,0.02418474611429297,-0.0018679572938655447
2022-08-31,0.02264240047637349,0.0023103601244627873
2022-09-01,0.03575162608900031,-0.002449419069508626
2022-09-02,0.0344621547001535,0.0017101893106305508
2022-09-06,0.032223785838915955,0.00044771846995620714
2022-09-07,0.3870255693329374,-0.0013016850049723714
2022-09-08,0.015002351450511563,0.003621899652299442
2022-09-09,0.02084063004911487,-0.0021151408372890104
2022-09-12,0.02711183163758141,0.0028681105216497773
2022-09-13,0.03661628632243418,-0.003290831398942561
2022-09-14,0.018497787458454398,0.0040775272434159385
2022-09-15,0.01291713963844432,0.000340749141762969
2022-09-16,0.04305340127532679,-0.002778806599760091
2022-09-19,0.024990706365372754,0.0006696795646114774
2022-09-20,0.024084753102168854,0.00016814060087220204
2022-09-21,0.06020563511607775,-0.0023430233977384746
2022-09-22,0.045426799919982164,-0.0008123962715319817
2022-09-23,0.02057748179478215,0.0061816149748035575
2022-09-26,0.018711802966874858,-0.006415117593049443
2022-09-27,0.016805627763248735,-0.0014009577914613708
2022-09-28,0.3805624824729319,-0.005945704562182582
2022-09-29,0.4121302698746016,-0.0004619684265163189
2022-09-30,0.019847321883804732,0.004023311624460706
2022-10-03,0.04160823634991326,0.002166278872381246
2022-10-04,0.014433581091001742,0.0009246354865311346
2022-10-05,0.012455418897499815,0.000549531809502539
2022-10-06,0.021839795530223433,0.002172135230998986
2022-10-07,0.01394544024808397,-0.005320296804616787
2022-10-10,0.06038023164027058,0.006762850289132083
2022-10-11,0.08964536500085832,-0.0002035715977417769
2022-10-12,0.024160328113536484,0.0013623632759543892
2022-10-13,0.05571710395851389,-0.000827263917883722
2022-10-14,0.08877429952109621,0.0036838668203437548
2022-10-17,0.01806301504913999,0.0013246681506691514
2022-10-18,0.016623430395998583,-0.0006242410043842076
2022-10-19,0.06906226106944896,0.005126188198848317
2022-10-20,0.05394815149172941,0.00011490116704055298
2022-10-21,0.031830079899332286,-0.000515879974146421
2022-10-24,0.024855945006349293,-0.00164712167980232
2022-10-25,0.01635857924745749,0.0009021339032271054
2022-10-26,0.06467448879544639,0.003629095763684433
2022-10-27,0.41190822545763045,0.00010528662138785654
2022-10-28,0.04857128703923482,0.001365796261344192
2022-10-31,0.07968815593487692,0.004737219624709878
2022-11-01,0.049096932187787296,0.003039801389441555
2022-11-02,0.0937124994105579,-0.004864350594852076
2022-11-03,0.05020270814022676,-0.0032316977835523007
2022-11-04,0.08314766247571904,-0.0010126202862276727
2022-11-07,0.06732768908862698,-0.001727688782992275
2022-11-08,0.03873998132726241,0.004038730103370882
2022-11-09,0.07209010793890781,0.013106486674548855
2022-11-10,0.027610554311899578,0.004956744841247685
2022-11-11,0.042030115769165585,0.002592888920667795
2022-11-14,0.06601583997068187,0.004656612016773613
2022-11-15,0.027981926849349158,-0.0019029429213003497
2022-11-16,0.05636094941973943,0.0017237113612116818
2022-11-29,0.45109730662528363,0.0001036812177071533
2022-11-30,0.4586295736782191,0.00028701149265347107
2022-12-01,0.43027270307325544,4.077875995237446e-05
2022-12-02,0.033406707743518956,0.0054425903807030955
2022-12-05,0.06369191821568251,-0.0033090018418158425
2022-12-06,0.09432239371258161,0.002042534937917625
2022-12-07,0.04004721052828978,-0.003936519407020899
2022-12-08,0.04095149516059922,0.003655568246355985
2022-12-09,0.45006157282094406,0.007798768143683216
2022-12-12,0.048868691485490154,-0.002857032425105221
2022-12-13,0.031851677184785245,0.002395929094123179
2022-12-14,0.04558982256051046,0.0008035973850570345
2022-12-15,0.41895111051720446,0.0006202788071097018
2022-12-16,0.04628994134418135,-0.004406642221010488
2022-12-19,0.020381609093420915,0.0035169156685648613
2022-12-20,0.039344290646129904,-0.0019181483285390585
2022-12-21,0.07489055280411008,0.0018766454368400773
2022-12-22,0.04167869655747815,-0.0023798878727424935
2022-12-23,0.06775433550400711,0.002822792782361201
2022-12-27,0.05138432434001937,2.0094089300134142e-05
2022-12-28,0.02909111670460447,-0.0035317180136960726
2022-12-29,0.01458830740413482,-0.0019312968656093345
2022-12-30,0.026730958801726976,-0.0023574208440695966
2023-01-03,0.42305504213634443,-0.00011089043155297195
2023-01-04,0.02737033383999126,0.000512548806133844
2023-01-05,0.05588141670456311,0.002840681188027284
2023-01-06,0.031055239506139386,-0.004808532219633443
2023-01-09,0.031494036978850865,-0.0017370267916036325
2023-01-10,0.013482761914059145,-0.0018137529349311222
2023-01-11,0.035434547210968045,0.0071831000228908615
2023-01-12,0.4210268110745274,0.003734711046032689
2023-01-13,0.032047534306664745,-0.0010129588155366924
2023-01-17,0.011636744773064723,0.002323655447248261
2023-01-18,0.4052433336842985,0.005094543997058872
2023-01-19,0.010542331751448834,0.00030995101575052994
2023-01-20,0.026156692320922745,0.0030698848562340808
2023-01-23,0.0347942371412538,0.0034926492313120594
2023-01-24,0.05817064940846776,-0.0010424336542022962
2023-01-25,0.014879543061724794,-0.009865446529560219
2023-01-26,0.03139936304661194,-0.01132093733040913
2023-01-27,0.02873486039849418,0.007706574171802817
2023-01-30,0.023230554020788323,-0.004584332336447213
2023-01-31,0.0297925434667424,-0.002989153047460347
2023-02-01,0.03548274928097177,-0.003441108174415757
2023-02-02,0.07442932922808951,-0.001452848231535747
2023-02-03,0.056277082854749506,-0.001041768119490275
2023-02-06,0.0428663103706155,0.000167607918104887
2023-02-07,0.05359131823079739,0.002191749214675397
2023-02-08,0.0357466146233691,-0.0025757558325935495
2023-02-09,0.020881292830577675,-0.0022812938277204362
2023-02-10,0.034730421910770824,-0.0006146231404263682
2023-02-13,0.060378663575728214,0.0014189050450983546
2023-02-14,0.437066633596945,0.007676534203089657
2023-02-15,0.04723456818810959,0.0035707907344622977
2023-02-28,0.04113801685411517,-0.0020359851637091588
2023-03-01,0.029046393901981424,-0.0030789932745278175
2023-03-02,0.05521135726496955,-0.001374088615188865
2023-03-03,0.04982253036038723,-0.011228559228750587
2023-03-06,0.04439219933650502,0.0019061192596560158
2023-03-07,0.025432031519688546,0.0013788644270686526
2023-03-08,0.05598455255523713,0.0034806417992399594
2023-03-09,0.0351152512107157,0.002846357124131195
2023-03-10,0.04308362700909317,-0.008412094773007436
2023-03-13,0.036670705179543676,0.0010678715939542462
2023-03-14,0.05249777890401002,-0.005055878112898322
2023-03-15,0.04995299428676047,0.006360889774802508
2023-03-16,0.03764907799816457,0.0037677654795147345
2023-03-17,0.033102815011887624,0.006904609014974892
2023-03-20,0.03508026597783029,-0.0035743983019422046
2023-03-21,0.035811886662439396,0.00579787364340109
2023-03-22,0.042260580138627685,0.0019056831419956332
2023-03-23,0.043075163118923614,-0.0024271230790881854
2023-03-24,0.05496598126928132,0.001180322838088198
2023-03-27,0.03511879098585672,0.004031411856181316
2023-03-28,0.05117727276068435,-0.00489227231893997
2023-03-29,0.04889227281303391,0.001348045521203879
2023-03-30,0.038244409469691244,-0.001564832571388221
2023-03-31,0.0653008506757443,0.0017928092891669844
2023-04-03,0.04301974164648663,0.000494795005136133
2023-04-04,0.03222898942110004,-0.004189011671506001
2023-04-05,0.05393431523099506,-0.00356159099999934
2023-04-06,0.04376461730790609,0.0046920256907681335
2023-04-10,0.06354140735462473,-0.0007741404278628351
2023-04-11,0.039968164648778094,0.006916556577281943
2023-04-12,0.047275797618541886,0.018173153847888746
2023-04-13,0.03193886743719853,0.0032326003844245907
2023-04-14,0.03714710664971821,0.002777271740500834
2023-04-17,0.06387260694655673,0.005443242257837758
2023-04-18,0.04690393735636704,-0.006124708381982876
2023-04-19,0.03912836562930773,-0.0052456697849882885
2023-04-20,0.04874770639539804,-0.004428243809863221
2023-04-21,0.04267869755371846,0.003646899819516392
2023-04-24,0.08573941193954891,0.0020350827483445457
2023-04-25,0.03922637102104655,-0.0038438724937033125
2023-04-26,0.04532325681944015,0.0062630195291780615
2023-04-27,0.038893481581649424,-0.0002553717107104457
2023-04-28,0.048091227724035644,0.0041821658715298585
2023-05-01,0.03337990683655938,0.0008668442846458042
2023-05-02,0.053583703653176044,0.004952277816461281
2023-05-03,0.05664897854617537,-0.001616260282669323
2023-05-04,0.031647946474518976,-0.002418621865745832
2023-05-05,0.030980999814690584,0.0026137508864790184
2023-05-08,0.030766448595559805,-0.004670923430477295
2023-05-09,0.038646559872884824,-0.0024231152480832093
2023-05-10,0.05175208989542372,-0.006243944635019101
2023-05-11,0.03503198146117905,-0.00039620658038804564
2023-05-12,0.03176513202798416,-0.008397261902183454
2023-05-15,0.027951113370464558,0.0009233278512273393
2023-05-16,0.05374603695171872,-0.011528278390463241
2023-05-17,0.03817350309604398,0.003368030931304393
2023-05-30,0.044372054850387734,-0.007382001947828586
2023-05-31,0.024806645225696634,-0.0032475163809610372
2023-06-01,0.03129635516897001,-0.0048254304888077585
2023-06-02,0.04626562624399085,-0.0006273767306771883
2023-06-05,0.05116129898497092,-0.0011325373321090801
2023-06-06,0.0564854298338967,0.0031763194727051107
2023-06-07,0.08680360544107217,-0.003600282329562092
2023-06-08,0.05770135759910474,0.0029455868059174548
2023-06-09,0.036787344696858855,0.0049856863231301516
2023-06-12,0.04207291041141748,-0.009600572860068341
2023-06-13,0.05010987277633417,0.0017684298448367901
2023-06-14,0.051800826816211176,-0.0007175599931277411
2023-06-15,0.02519033444314205,0.0005180468229804974
2023-06-16,0.03673620829751447,0.0002559611749651981
2023-06-20,0.02856495863827961,0.00639653139464854
2023-06-21,0.05078390891122981,-0.00293588205121845
2023-06-22,0.02926241599298049,-0.003950823065634998
2023-06-23,0.036718340022930805,0.003984685064306187
2023-06-26,0.04163622510123103,-0.0011134324827405755
2023-06-27,0.03518007005086672,-0.005636893353244051
2023-06-28,0.04629895801237046,0.006807607450693927
2023-06-29,0.05799672543696956,0.0026536817844543415
2023-06-30,0.029916841727508258,-0.00282755069015095
2023-07-03,0.035311320981487426,0.0021466508866383764
2023-07-05,0.029081901216458584,0.004606627448983264
2023-07-06,0.03968554350633369,0.0016308309985815237
2023-07-07,0.038264061003592746,0.00040313103395606467
2023-07-10,0.026537060711427207,-0.0004170964417241482
2023-07-11,0.036088587910136166,-0.0024917825150567374
2023-07-12,0.03731969856096497,-0.0009557344481843748
2023-07-13,0.03661433105371562,-0.00010892169289173151
2023-07-14,0.029688714363370425,-0.012152930315139976
2023-07-17,0.037270577605316504,-0.0014989098769741902
2023-07-18,0.029977448726810865,-0.00045089673464185397
2023-07-19,0.07230910091569263,-0.0027963844290992313
2023-07-20,0.07761251327904967,0.0022868150765905986
2023-07-21,0.38017167422086307,0.005223763168050274
2023-07-24,0.04091747821609454,0.0018694184922956629
2023-07-25,0.023714324995779894,0.0010844083266245814
2023-07-26,0.018259032787927478,-0.0016391179521364312
2023-07-27,0.03385464830188596,-0.0077859115839273895
2023-07-28,0.025133580784187624,-0.0046575032407807845
2023-07-31,0.0420765312288398,-0.0011566151556890551
2023-08-01,0.04440240052467595,0.002621576110315393
2023-08-02,0.05270576782068813,0.0024068484269782627
2023-08-03,0.04348746501653683,0.0009580595332202375
2023-08-04,0.3831686218681173,0.011950956212181875
2023-08-07,0.38248003946019354,0.001671388968840496
2023-08-08,0.051974754835885,-0.004398186205471831
2023-08-09,0.07857577521192226,0.0025534841973621123
2023-08-10,0.039026704746117157,-0.013370794547805322
2023-08-11,0.10237137128292537,-0.0022266760964823698
2023-08-14,0.0522398339756745,0.0017931543081444643
2023-08-15,0.04320018118358693,-0.0009460153484694175
2023-08-16,0.048089169947509454,-0.004083254185240026
2023-08-28,0.02827171438382903,0.002177430418716381
2023-08-29,0.04089232473399964,-0.0010010975168184611
2023-08-30,0.036978379492063576,0.005210974943366853
2023-08-31,0.03639490315165671,0.0009861877635197651
2023-09-01,0.020577135805404604,-0.0015093525325250408
2023-09-05,0.04427180232066492,-0.0025111415217134534
2023-09-06,0.3376423958463821,-0.002100227878456985
2023-09-07,0.3424757865297212,0.003287043548552207
2023-09-08,0.03072874732983942,0.0004271814356133592
2023-09-11,0.3467164820717699,-0.0023829458334484344
2023-09-12,0.0326327868189813,0.0008311714775846553
2023-09-13,0.3510898855209904,0.003699253663884299
2023-09-14,0.10848586201329659,-0.006476956572573481
2023-09-15,0.09681806568049302,1.9439408591435427e-05
2023-09-18,0.028327204139672265,-0.0015905376117332237
2023-09-19,0.0314097055326796,0.003945458088029695
2023-09-20,0.09060035811590553,-0.003919006432851103
2023-09-21,0.07225702167060799,0.0020123827781005155
2023-09-22,0.056827609667941495,0.002592516127368296
2023-09-25,0.026492561707122775,0.03666635220124899
2023-09-26,0.04504714804919998,-0.007084867127136749
2023-09-27,0.019482572343113402,0.009951306866004145
2023-09-28,0.01912337121461256,0.01626939526868962
2023-09-29,0.02645878894226255,0.0071553760973466
2023-10-02,0.03091976989720825,-0.0032143907354524296
2023-10-03,0.03533508404406306,0.00016655100164689445
2023-10-04,0.02722327400213549,-0.0025345562727589403
2023-10-05,0.0494030408162144,-0.0032230227869159485
2023-10-06,0.02194587808881244,-0.0024818384764915364
2023-10-09,0.0440890347011377,0.0013289284189351032
2023-10-10,0.03956012106501556,0.0033478141321499383
2023-10-11,0.03363625392077806,-0.004406079286452946
2023-10-12,0.050862052044316736,0.0017059428503157453
2023-10-13,0.03579039520756537,0.00557114847901586
2023-10-16,0.03829639647128608,-0.004326646253084784
2023-10-17,0.09474131286597913,-0.00264034988022296
2023-10-18,0.0702952291732972,0.005020819895151666
2023-10-19,0.06579438113738843,-0.0057196985883845
2023-10-20,0.03500417864353578,0.005228210007197765
2023-10-23,0.038614756117500836,0.002005870987126253
2023-10-24,0.04389959557918287,-0.0004816014713682271
2023-10-25,0.09422010600021978,-0.004189663217987168
2023-10-26,0.015522409968545862,0.0038127522245269396
2023-10-27,0.046537256256182935,-0.0002909194271392794
2023-10-30,0.05703738435018069,0.003213675239374646
2023-10-31,0.042207158410131236,-3.90935870474363e-05
2023-11-01,0.04210873671867899,0.007023399120103723
2023-11-02,0.04833339882791641,-0.005405639345232901
2023-11-03,0.34966585442640485,0.0012275504975202134
2023-11-06,0.044322778156947455,-0.007622836440367936
2023-11-07,0.0403975236408718,1.5985218224006184e-06
2023-11-08,0.052694051499103486,-0.0009857321607426965
2023-11-09,0.04476936765420431,0.003809300278875844
2023-11-10,0.03688375450772526,-0.00482774670788182
2023-11-13,0.06445917961192457,0.001957744329652295
2023-11-14,0.042727745283948626,0.0006354201084331652
2023-11-15,0.034969516261359544,-0.0030396597662379144
2023-11-28,0.05431100489667487,-0.007642434955295288
2023-11-29,0.02197871637275515,0.002921160207186373
2023-11-30,0.04922643984137639,-0.002079647658918127
2023-12-01,0.028949235430631777,-0.006151419862329276
2023-12-04,0.033373418827244455,-0.005889024381382475
2023-12-05,0.036778024676366025,-0.007534861500970479
2023-12-06,0.029053960532274346,-0.003006582317364672
2023-12-07,0.01932205812352611,-4.951565748973025e-05
2023-12-08,0.0221365262861105,0.003869539683692708
2023-12-11,0.24850612769463337,-0.00203469111491045
2023-12-12,0.02193043789786882,-0.009513828181038301
2023-12-13,0.03927729630885966,0.002934965259349759
2023-12-14,0.041524990749868644,-0.00390720588005816
2023-12-15,0.018328894885725307,0.0035746398741111967
2023-12-18,0.0369342353005879,-0.0019105525861163796
2023-12-19,0.2538758803873048,0.0031431600651604177
2023-12-20,0.029924611529864715,-0.0010395343582384946
2023-12-21,0.02452460686065023,-0.007792412003454393
2023-12-22,0.03500523716254983,-0.00424596495640452
2023-12-26,0.0198024194108776,-0.0033311437459577127
2023-12-27,0.018787058892733834,0.0012997254192382577
2023-12-28,0.029005676013426022,0.0025537243419515424
2023-12-29,0.02974553156140449,-0.007483774904171394
2024-01-02,0.2609329626833558,-0.002095030563472588
2024-01-03,0.0488821422244839,-0.003333656906419965
2024-01-04,0.023181257874265913,0.007327256778942453
2024-01-05,0.029841936651707535,0.0010950068904963832
2024-01-08,0.026179029386355725,-0.004862676220554094
2024-01-09,0.2506997249294477,0.004007869099890584
2024-01-10,0.02299228958258913,0.0008037032428802665
2024-01-11,0.025998158705908183,-0.000316696332588333
2024-01-12,0.26105639895325733,0.006981215449626173
2024-01-16,0.2601194589505092,-0.0013054910564560106
2024-01-17,0.03786820000973414,0.004782702453253287
2024-01-18,0.2695288243076152,0.00041911917789555324
2024-01-19,0.021952131530569862,4.8673520626051764e-05
2024-01-22,0.03326800573005758,-0.0016769627080659758
2024-01-23,0.018570031089381156,-0.005187590451058303
2024-01-24,0.028221205464794962,-0.0030348033821761987
2024-01-25,0.026157278716968945,-0.0031674237663527273
2024-01-26,0.06583750386255048,-0.003420810866211346
2024-01-29,0.03140384073376694,0.0029809256377241783
2024-01-30,0.26510842586731137,-2.8882557317458715e-05
2024-01-31,0.03602175889965595,0.00432950433114569
2024-02-01,0.022838202913353128,0.001936069223346163
2024-02-02,0.2623082061373686,0.0020604581938646806
2024-02-05,0.04079038803817432,-0.007902290175411142
2024-02-06,0.0261562720877028,0.005275326224452344
2024-02-07,0.025084260214461352,-0.0054871945000404855
2024-02-08,0.06736300514293775,-0.0030771140090375417
2024-02-09,0.25736309020376785,-0.000925840711466311
2024-02-12,0.017506261779878185,0.011022985312547088
2024-02-13,0.034776294350799,-0.005183003559643927
2024-02-14,0.25147436054406036,-0.0036885818382550134
2024-02-27,0.01906368015927508,0.0013850710717099386
2024-02-28,0.03182853043066417,0.00017497496822717427
2024-02-29,0.028049271804785496,-0.0024734987873254316
2024-03-01,0.20860122814788545,-2.852403703676077e-05
2024-03-04,0.2157322898718872,0.0035130978910246345
2024-03-05,0.20886419760807629,0.0004223385203366457
2024-03-06,0.21370027842672074,-0.0031208707093517167
2024-03-07,0.2175126681892753,-0.013042872673477156
2024-03-08,0.028645877269447416,0.00041877931936783533
2024-03-11,0.06112781204811661,0.00834056630750743
2024-03-12,0.03863457739414591,0.0026541037520270592
2024-03-13,0.04437054258873626,-0.0007387860274711555
2024-03-14,0.04802359795732479,0.008074953148570605
2024-03-15,0.03775630382673499,-0.001790701753443767
2024-03-18,0.029994483741176553,0.004676810603243051
2024-03-19,0.06221652845225108,-0.006005647112302313
2024-03-20,0.028743662408561063,0.00627449771085418
2024-03-21,0.21501290533176035,-0.004781700484881004
2024-03-22,0.05094996253770696,0.004613779727864876
2024-03-25,0.024173316839793933,0.006818598671173766
2024-03-26,0.2265466567133739,0.004013755972289028
2024-03-27,0.03832826254814607,-0.002295178566545872
2024-03-28,0.048501859615026906,-0.0028035255050942345
2024-04-01,0.028547629025116237,-0.005174981834172026
2024-04-02,0.0316200891768346,0.0007363314705764801
2024-04-03,0.024125551233473867,0.002427937501674992
2024-04-04,0.23804978290230472,-0.0038929754584757018
2024-04-05,0.025661224071269972,-0.0027297150828074768
2024-04-08,0.026596200045485924,0.0021394946868709954
2024-04-09,0.22799478936662518,-0.002756770728948134
2024-04-10,0.03817396820039556,0.005282097176535073
2024-04-11,0.01892486870169166,-0.00043851395269803826
2024-04-12,0.05248177511095061,-0.0004090821037007679
2024-04-15,0.05282942202170797,-0.002188685119133058
2024-04-16,0.21968794857363663,0.0022891287522527446
2024-04-17,0.04851828612427515,-0.0014881733584113277
2024-04-18,0.016984546654353005,-0.001720072138209881
2024-04-19,0.05310857902915459,-0.001623812934038541
2024-04-22,0.025105789961021127,0.0029470088968634425
2024-04-23,0.02594349614478576,-0.0018210114784990693
2024-04-24,0.02604527258515427,0.0017817048581693445
2024-04-25,0.02584153153118276,0.0003598894233813986
2024-04-26,0.2090041386663712,0.005648651917610893
2024-04-29,0.04066111500865445,-0.0032945873107046407
2024-04-30,0.020773531224528907,0.0023526556884839317
2024-05-01,0.04122250127182064,0.003562263176169595
2024-05-02,0.03085575444136252,0.0019135354959745742
2024-05-03,0.03410915010350518,-0.0023737155349967923
2024-05-06,0.2178394726079583,-0.0009427631115509726
2024-05-07,0.045767504909116165,-8.117464193186481e-05
2024-05-08,0.04533633143430877,0.0009286912304172328
2024-05-09,0.05702570585187322,-0.003223012385368763
2024-05-10,0.042420787562495336,0.0010557099440539801
2024-05-13,0.03685915694274079,-0.005637804834124847
2024-05-14,0.03637784257847837,0.0010286652731794515
2024-05-15,0.032207874290908704,-0.0015173284123698616
2024-05-16,0.03152764695093997,0.004352423138607358
2024-05-29,0.0718333233449356,0.0011084832213410934
2024-05-30,0.10976075038688712,-0.0026674450758934934
2024-05-31,0.1427971704308826,-0.007696372868648956
2024-06-03,0.07597290588720133,-0.00854498708327017
2024-06-04,0.09674191765809118,0.007017398040452803
2024-06-05,0.29625024925320775,-0.0028219998768757434
2024-06-06,0.103382989932898,-0.0031243146700321725
2024-06-07,0.08002559587802206,0.005659652326261299
2024-06-10,0.2884556957366942,-0.009436492906486663
2024-06-11,0.11272202330524558,-0.00024719308926560136
2024-06-12,0.08320951980303898,0.00161669136080589
2024-06-13,0.13197648883952448,0.0018696157344501342
2024-06-14,0.08689175660319677,0.0005255114747312502
2024-06-17,0.11542438255958604,0.010505374358460464
2024-06-18,0.28485087198597087,-0.00036339010375837977
2024-06-20,0.2528303583883947,0.0019252880177211547
2024-06-21,0.06677572968801918,0.0028193310132766255
2024-06-24,0.0760101098447227,0.005389318349805588
2024-06-25,0.039441903043299885,0.003878147265265381
2024-06-26,0.06643923226384008,0.00045779415501589473
2024-06-27,0.061771318525911105,-0.0022760698634554256
2024-06-28,0.06577525516124637,-0.003233709044172665
2024-07-01,0.07383303849084565,0.0005870474641913393
2024-07-02,0.06127967794324457,-0.004657057179661886
2024-07-03,0.06968169552258523,-0.006288245645251989
2024-07-05,0.05388150333577526,-0.003804849270108577
2024-07-08,0.046413336268552846,-0.007018399728427145
2024-07-09,0.055990285115168306,0.0009533522321408315
2024-07-10,0.1110685166365269,-0.0007138814258353804
2024-07-11,0.06291360884466499,-0.002351949304282121
2024-07-12,0.10331774871576883,0.004115102566432039
2024-07-15,0.07104185596381864,0.002788116598502031
2024-07-16,0.06952551100307737,0.002978988294465361
2024-07-17,0.1507111344196862,0.001943785262602216
2024-07-18,0.2759094945786919,0.00047943117092020203
2024-07-19,0.07562663659710156,0.0014357228263776381
2024-07-22,0.05687117742104238,-0.0015243598436862436
2024-07-23,0.070717305116652,0.0007998166933409286
2024-07-24,0.145898276676396,0.003305806718982023
2024-07-25,0.08713358921870444,0.0009033996755605078
2024-07-26,0.07239894460675189,0.006485237998713101
2024-07-29,0.03356535504959344,0.007689849393701483
2024-07-30,0.11301476886586141,-0.0014843628558341305
2024-07-31,0.028505867260710936,-0.0045913375878689966
2024-08-01,0.09079064693447685,0.003511290843868339
2024-08-02,0.12046198730100328,0.005283001401334132
2024-08-05,0.28446287075530213,-0.00029344544873083215
2024-08-06,0.28419335660347644,0.004969804241830988
2024-08-07,0.06463362986694189,-0.00024309602784821564
2024-08-08,0.03757916917262105,-0.0006358120387502846
2024-08-09,0.06356255371618677,0.001521196222893483
2024-08-12,0.0721839122275179,0.003519492642247297
2024-08-13,0.05115980729314434,0.0051207871771094225
2024-08-14,0.07001235671581388,0.006345396289979327
2024-08-15,0.057387530782134655,-0.008149449291274981
2024-08-27,0.02806923386038213,-0.0011119907802603008
2024-08-28,0.027939798572600955,0.0007037023102283062
2024-08-29,0.04654547555488611,0.00036115774925758954
2024-08-30,0.21431923908493647,0.0001689646176857634
2024-09-03,0.09982755300546757,-0.0015427727118365636
2024-09-04,0.025858907517840115,0.0009882076978031918
2024-09-05,0.028784648088839855,0.0015349072916797718
2024-09-06,0.057518065400874126,-0.004861080897563636
2024-09-09,0.027701811970015925,-0.00013188321868620452
2024-09-10,0.23093076717496588,-0.00043026620791934613
2024-09-11,0.05277036631773098,0.007646103517434491
2024-09-12,0.05193276696371129,0.0008877663422647113
2024-09-13,0.04434472437016998,-0.001719554218736653
2024-09-16,0.26377966822595555,-0.0013441806646245548
2024-09-17,0.04868230480325768,0.0032485673303302132
2024-09-18,0.047594619184439496,-0.004662686468203324
2024-09-19,0.03543927446299562,-0.002145297501092635
2024-09-20,0.048690390663061155,0.012542119274559529
2024-09-23,0.07615494470672335,0.006440117817959721
2024-09-24,0.03166834585471078,0.0002398514454290358
2024-09-25,0.05713708216870578,-0.0007092913568686071
2024-09-26,0.05687826499043865,-0.004484367766023604
2024-09-27,0.05233981156498563,-0.0008730650987700813
2024-09-30,0.07425162815486684,0.0008643018429945878
2024-10-01,0.09783055863671286,-0.006143932252135006
2024-10-02,0.21044191288154054,0.00015858060967914936
2024-10-03,0.08335689912290685,-0.0035139163014533863
2024-10-04,0.05806652636155218,0.0038335994207223
2024-10-07,0.06507878297340064,0.0021546796686217886
2024-10-08,0.22717779473593538,0.00614637289094559
2024-10-09,0.061749530594856286,0.001927507836981768
2024-10-10,0.05389827728845273,-0.002260158424868575
2024-10-11,0.057578089325348324,-0.0003888749434886526
2024-10-14,0.06646828780162171,-0.0006307235512231358
2024-10-15,0.03986742814693391,-0.005714376622816848
2024-10-16,0.07362692956424848,0.004243684747251625
2024-10-17,0.09178544270330971,0.00020695163384651166
2024-10-18,0.23216442409673105,0.0012352837887853428
2024-10-21,0.2297451258206179,-0.0002985775377830561
2024-10-22,0.10574704638844426,0.0027056289781398823
2024-10-23,0.03794169818276087,-0.002486785980824459
2024-10-24,0.08824216445825518,-0.002234675510312663
2024-10-25,0.08508006213636357,6.80251868050868e-05
2024-10-28,0.06004407883221026,0.0044965919360835304
2024-10-29,0.24077754041281338,-0.0056277117305401515
2024-10-30,0.06984588284787437,0.004539616567910818
2024-10-31,0.04501284780277743,0.002802106045339059
2024-11-01,0.26279496427571447,-0.008903286491956413
2024-11-04,0.04913072148399211,0.002252014522085669
2024-11-05,0.05847235394012797,0.0028661444474991646
2024-11-06,0.270296660221608,0.006919708950266984
2024-11-07,0.24682742681915815,0.001395921864168718
2024-11-08,0.035599142149073316,-0.0009072609347286847
2024-11-11,0.2227462784450999,0.011540884434953606
2024-11-12,0.05755388955982169,-0.0034822309584569174
2024-11-13,0.05510925647355521,-4.67187538254147e-05
2024-11-14,0.058170957027169165,0.007188884828169325
2024-11-15,0.05883179131304013,0.009350905102807795
2024-11-27,0.04628748832582745,0.005579081497500779
2024-11-29,0.030873655102205043,-0.001309168993252216
2024-12-02,0.05242246315100777,0.009845210452483662
2024-12-03,0.05251940300801274,-0.0009626297543190638
2024-12-04,0.22003711622760813,0.0021884148517271095
2024-12-05,0.10778956656978321,-0.0052401190766827865
2024-12-06,0.21205282879063864,0.0027481242638661084
2024-12-09,0.08666753289123834,-0.00331557783633612
2024-12-10,0.07621720519020424,0.007676368618282751
2024-12-11,0.05184311601587686,0.010668827595342798
2024-12-12,0.07225853195383329,0.005297177453556039
2024-12-13,0.07835059206205701,-0.005235902323227639
2024-12-16,0.05744307489775121,0.003744208110256607
2024-12-17,0.056206808728296996,0.007988572840125578
2024-12-18,0.08663005022211842,0.0018093487441713401
2024-12-19,0.060124295887099555,0.003940336272150635
2024-12-20,0.04100570682821366,0.0044049100874694255
2024-12-23,0.07220873269473317,0.0024376689970693646
2024-12-24,0.056131687597904135,-0.0015540423157564985
2024-12-26,0.07067732134698952,0.004969017970510745
2024-12-27,0.06098900633569012,0.003032193729672108
2024-12-30,0.04525433324252902,0.0003944686218644716
2024-12-31,0.05848130928136847,0.001424478057598024
2025-01-02,0.2507647852839106,-0.00018314524506288666
2025-01-03,0.2650896702731444,-0.0018406605118813967
2025-01-06,0.08481697222408163,0.0018544482206956574
2025-01-07,0.06792166825368376,0.0007016505580454725
2025-01-08,0.07006568295931755,0.009398043116274676
2025-01-10,0.06437791019673966,0.0018372097659399393
2025-01-13,0.055050136133832216,0.00127355616674452
2025-01-14,0.06921418759736479,-0.0026065185477456418
2025-01-15,0.04972852023310511,0.0037075602966228425
2025-01-16,0.24432720002416888,-0.004502350053097705
2025-01-17,0.05170685945984784,-0.007768596442338609
2025-01-21,0.25108454530681096,-0.001704326202309683
2025-01-22,0.05426335137456062,0.00022174624425187403
2025-01-23,0.20579793463207938,0.005246792653460854
2025-01-24,0.05228679651733767,-0.00756406381696369
2025-01-27,0.052093276414538495,-0.0027048595423153085
2025-01-28,0.05001612605056596,0.0034780807833211594
2025-01-29,0.03364665657576905,0.0011744382565963152
2025-01-30,0.026143296590402345,0.0001150243951231446
2025-01-31,0.0443403745372816,-0.008047159901480767
2025-02-03,0.09776770056184114,-0.006290481859836761
2025-02-04,0.07049677564450924,-0.008090181638619933
2025-02-05,0.02245159598990293,0.018770636728800933
2025-02-06,0.05143736757277385,0.005825526675006216
2025-02-07,0.10094655272580438,0.011307798538187634
2025-02-10,0.24104436026703327,0.007003010801883652
2025-02-11,0.054457974701287444,0.003500199914654935
2025-02-12,0.05112196777933683,-0.007452417472876484
2025-02-13,0.0529772397053313,-0.00047397143338523667
2025-02-14,0.04327490947948078,-0.0016433753083515794
2025-02-27,0.06273755420323254,-0.0017240327162304772
2025-02-28,0.06563973164241622,-0.0022729194787710905
2025-03-03,0.08071708947623704,-0.003149534460324416
2025-03-04,0.24043046224376569,-0.004164660007053676
2025-03-05,0.2170022732250855,-0.0028762750851439884
2025-03-06,0.1520383585059444,0.0016979457326568056
2025-03-07,0.08075427951785846,-0.0018000992300577184
2025-03-10,0.09147848762870055,0.013278890173072985
2025-03-11,0.2173886765313917,0.00015821095424189028
2025-03-12,0.24274132929817505,-0.0006151720706516458
2025-03-13,0.1056424334994327,0.006636349220085889
2025-03-14,0.03408587781881077,-0.004218717439262447
2025-03-17,0.08784948929484095,-0.002410656709322482
2025-03-18,0.11685442325795951,0.0019631653335594624
2025-03-19,0.03189728491343866,-0.00206260006447368
2025-03-20,0.033215157591521244,-0.00026845517527065944
2025-03-21,0.019198802775203225,0.009642717475831173
2025-03-24,0.19828198582730192,-0.001886416421224437
2025-03-25,0.05426587965551848,-0.002928961299138574
2025-03-26,0.07633566645480284,-0.002822760429837096
2025-03-27,0.08799766906322387,-0.0008381147793552564
2025-03-28,0.1362624186639757,-0.0025225157880320523
2025-03-31,0.091110308799419,0.003720938864120811
2025-04-01,0.0636572314664722,0.0027393663739775035
2025-04-02,0.2140811234786938,-0.0020601341019601685
2025-04-03,0.10544945749419185,0.00537275155077209
2025-04-04,0.07120556910662797,-0.001511413067146874
2025-04-07,0.24854045932433047,-0.005321029092917606
2025-04-08,0.06786643728552505,0.011123857778309895
2025-04-09,0.07287143544563887,-0.004837599307816913
2025-04-10,0.07511381373700134,0.0016637682676069621
2025-04-11,0.08241232113374769,-0.0051425022142568295
2025-04-14,0.08539535371620849,-0.003304560681697245
2025-04-15,0.05264255797587895,-0.0029852053850645786
2025-04-16,0.04356668434512131,0.00415379443543421
2025-04-17,0.050815366926822605,0.004327390863893552
2025-04-21,0.10960502363010478,-0.00030705853380422676
2025-04-22,0.03961997585885171,-3.106107635061361e-05
2025-04-23,0.017368523814947398,0.004320435108971709
2025-04-24,0.028479266331784266,0.0016084971505756244
2025-04-25,0.2121706075599942,-0.0007998478407016075
2025-04-28,0.07251109954065037,0.004645760745093916
2025-04-29,0.07272877185567936,-0.0009405676117979649
2025-04-30,0.060549960184910816,0.0028276821685565535
2025-05-01,0.028991986318668783,0.0007665387565101827
2025-05-02,0.2563819597734765,-0.0015388486963840223
2025-05-05,0.2636896674241997,0.0031462571465444263
2025-05-06,0.06684682714528929,-0.00106261413308276
2025-05-07,0.28141263762167257,0.0062167660906201185
2025-05-08,0.05934029688225075,0.002221726898345154
2025-05-09,0.07775088513644719,0.015327764822642732
2025-05-12,0.06693659330149845,0.00016267660553885175
2025-05-13,0.07334764474253254,0.0074030415187737965
2025-05-14,0.06674486695655676,-0.007790477621218813
2025-05-15,0.045151087885509394,0.00030668197151211885
2025-05-16,0.08527977546028412,0.0019375766128472281
2025-05-29,0.04421367120300958,0.0007375332478489654
2025-05-30,0.047538828125326595,-0.00488500358636188
2025-06-02,0.04032354117048699,0.007442824735611148
2025-06-03,0.24819715599003733,-0.003817583951602607
2025-06-04,0.09040094941185016,0.005441579804301427
2025-06-05,0.022387786813820525,-0.0003427234629693679
2025-06-06,0.09962393479354095,0.002229247974944581
2025-06-09,0.0728268293311784,-0.0010502906188902665
2025-06-10,0.08545414577215145,-0.0008912935375881012
2025-06-11,0.0685033930916749,0.001319225398961558
2025-06-12,0.09020179526201257,-0.005231871820154671
2025-06-13,0.28874083324930216,0.008449414965416959
2025-06-16,0.31958712121059285,-0.004666764948985649
2025-06-17,0.07422470456588243,-0.0023660653321365423
2025-06-18,0.11171713739499423,-0.0017503325524004527
2025-06-20,0.06562141040655532,0.003971974052128416
2025-06-23,0.043554750330401515,0.003385192853881694
2025-06-24,0.23431853408448702,-0.007927460540306273
2025-06-25,0.0622894969282769,0.0034013974493568386
2025-06-26,0.059554020222889824,0.0059968675324446425
2025-06-27,0.03307219163590477,-0.0009631239765185116
2025-06-30,0.03661836356114998,0.0007002548927531017
2025-07-01,0.09729641216603985,-0.0038289595920402548
2025-07-02,0.06378401548253201,-0.00016403261602346243
2025-07-03,0.030828310155013347,-0.004936996416396634
2025-07-07,0.05389418413553116,-0.001085409138074065
2025-07-08,0.10508916105318568,0.0021455639972786616
2025-07-09,0.07360847366508567,0.001265475343861302
2025-07-10,0.09883515249823843,-0.00647156947854352
2025-07-11,0.07419242272484088,0.0016331185055418738
2025-07-14,0.06550771150386024,0.0010736267242323488
2025-07-15,0.2768340007013134,0.0018991308122915107
2025-07-16,0.052948826774456656,0.002340026711420769
2025-07-17,0.05512226057924812,0.003926104357113137
2025-07-18,0.27165417447732304,-0.0027348245385732024
2025-07-21,0.04305633952865178,0.0013531681935594364
2025-07-22,0.09028667951669704,0.08498675522063942
2025-07-23,0.25301462799921154,-0.003236357395144069
2025-07-24,0.053216896615371274,0.004700284730907436
2025-07-25,0.06495602999921382,0.0015274280975268138
2025-07-28,0.27683690419287293,0.0040492183225860935
2025-07-29,0.04193617545267691,-3.5158688594417575e-05
2025-07-30,0.266525671078638,0.002148614258898807
2025-07-31,0.08211144859774099,-0.014563614944723021
2025-08-01,0.07030658053651384,0.0053971446345173766
2025-08-04,0.27072089786789894,-0.0044830941250676645
2025-08-05,0.06409749634117655,0.001984406003621595
2025-08-06,0.1438340156047637,0.0037131717480268097
2025-08-07,0.07973161809393434,-0.004154762748416302
2025-08-08,0.09728296791044487,-0.004670078093581936
2025-08-11,0.08637384619719632,0.005528029494496741
2025-08-12,0.2746446272396066,-0.0008153135997023284
2025-08-13,0.06435531646464825,-0.0023116604434474074
2025-08-14,0.07106051954867748,-0.00044364520559080946
2025-08-15,0.05195696641704166,-0.00107462317397147
2025-08-27,0.06847953551161351,-0.002280027567436913
2025-08-28,0.09785853943598145,-0.002765770143170741
2025-08-29,0.07558849297422172,0.003270554735730651
2025-09-02,0.10380299323843274,0.0025026193968245456
2025-09-03,0.2645727675481209,-0.005630870743992255
2025-09-04,0.07017323702508074,0.0002565519612210644
2025-09-05,0.07848007614691094,-0.0022434724719541266
2025-09-08,0.0761720743685927,-0.0038419156351745644
2025-09-09,0.0939568604341362,-0.0011800274286870556
2025-09-10,0.2880444478268029,-0.005388966533649554
2025-09-11,0.2557104748013344,0.003984290656244924
2025-09-12,0.11587231424208201,-0.0016743866359663628
2025-09-15,0.10701635928277344,-0.000345252414255845
2025-09-16,0.09034475764544397,0.0017973916088958155
2025-09-17,0.08840692176611312,-0.0017536691446935005
2025-09-18,0.3216841449331025,-0.0003044366461348348
2025-09-19,0.07981613872976887,-0.002019071584528153
2025-09-22,0.10646751927389594,0.00024495510314174107
2025-09-23,0.12168803509803236,0.001660794228680089
2025-09-24,0.0992794427093718,0.0007395519605257754
2025-09-25,0.09095440153310104,-0.005939724941651462
2025-09-26,0.06483710171491716,-0.0014926004515430353
2025-09-29,0.04693285430457597,-0.0011085379550508463
2025-09-30,0.2512550029911775,0.004867498994676313
2025-10-01,0.12723123729765784,-0.0022191614764999154
2025-10-02,0.04624615997999271,-0.007092466790593348
2025-10-03,0.06864817195744384,-0.002214037795546139
2025-10-06,0.24868464949723307,0.0042521814305392525
2025-10-07,0.06083166390365291,-0.0023302797178985594
2025-10-08,0.23528414292475328,-0.005516438822740585
2025-10-09,0.09158729723635155,0.005846692606781202
2025-10-10,0.06443570436325419,0.0023905001019908848
2025-10-13,0.0816283263211626,-0.0052687627506193225
2025-10-14,0.053431272412330165,-0.00022135308805159475
2025-10-15,0.22590730696734782,-0.0023672199414593123
2025-10-16,0.07827240267437922,-0.024695328727202415
2025-10-17,0.030995603579893817,-0.004392747062713358
2025-10-20,0.08021692260736128,-0.002196399112173059
2025-10-21,0.036121579038779404,0.0014188463618328663
2025-10-22,0.10769438042113394,0.0037060237618295024
2025-10-23,0.057083750373377685,0.0053287368194711296
2025-10-24,0.05524890807001006,-0.0021764638903483484
2025-10-27,0.0610168987861804,0.00013214955176930887
2025-10-28,0.06495252124393017,-0.008343815076232747
2025-10-29,0.12268782435266104,0.005651274028895297
2025-10-30,0.06630144823035825,-0.008800861941693073
2025-10-31,0.06647028646807834,0.0077225839093629555
2025-11-03,0.07961787756586317,-0.00401719548187762
2025-11-04,0.065427092513928,0.0009128733868906569
2025-11-05,0.047358379729152335,-0.006287519188243721
2025-11-06,0.11225760900886493,0.0076372863355121685
2025-11-07,0.048585035928301476,-0.006195267430202037
2025-11-10,0.07530617853752708,-0.010545548979463805
2025-11-11,0.1000400348037906,-0.00033873375486810127
2025-11-12,0.10010084514351927,0.0011343648602080707
2025-11-13,0.08534400110661124,0.0008039304474598313
2025-11-14,0.10810455728758833,-0.005525317713020273
2025-11-17,0.24015932686676994,0.005608679920304184
2025-11-28,0.030011860376426596,0.004795290082467965
2025-12-01,0.06928007978291231,0.002936822544841489
2025-12-02,0.22725890323144562,-0.006574944671899092
2025-12-03,0.06326486081260482,0.0011887969316248135
2025-12-04,0.25035550681662655,-0.0011697895868108565
2025-12-05,0.25942364767981146,-0.0133530281919483
2025-12-08,0.10215067255506075,0.009155899548885465
2025-12-09,0.09889415073884143,-0.006081834627771625
2025-12-10,0.11344153541111372,-0.0022262155852205007
2025-12-11,0.05076068976574711,-0.0008453416089778427
2025-12-12,0.13871267388799913,-0.00941223995667132
2025-12-15,0.10187261897412052,0.0026075368334676397
2025-12-16,0.060838114604685474,0.002879313894937275
2025-12-17,0.10594151423582013,0.006311010566362055
2025-12-18,0.20819645788037833,0.0020851133105379335
2025-12-19,0.21271598469664765,-0.006761033157004267
2025-12-22,0.06130286177420523,0.00548014066688038
2025-12-23,0.05848734223279288,-0.004199657665367285
2025-12-24,0.04773537035795339,-0.0038527981972150648
2025-12-26,0.06282784685404018,-0.0008834972293850289
2025-12-29,0.05540016704621313,0.003180287543623186
2025-12-30,0.06652615088296125,-0.004080635938417601
2025-12-31,0.0516387218007084,0.01660007463667822
2026-01-02,0.1212787371170245,0.014895117356830662
2026-01-05,0.215850829264301,-0.006865125863649926
2026-01-06,0.19877964817692523,-0.012754264712167476
2026-01-07,0.04181662337143259,0.0030453128909972995
2026-01-08,0.1397581046426688,-0.002157687161633469
2026-01-09,0.22086313230385926,0.0010037062242922124
2026-01-12,0.2398519767928408,-0.006111951982983277
2026-01-13,0.15124699255510185,-0.000531293668367492
2026-01-14,0.09662300078379232,0.0009757296799474272
2026-01-15,0.1097214221229508,-0.0016828302767277563
2026-01-16,0.09611660997696876,-0.013235223077203023
2026-01-20,0.06036265589123884,-0.007496422676915906
2026-01-21,0.12054629307278851,-0.00780465020380828
2026-01-22,0.04590206130675364,0.0035665946767369497
2026-01-23,0.08760987630101671,-0.02332667533866974
2026-01-26,0.08572340236718398,-0.001155485857240285
2026-01-27,0.11010790241995642,0.0006649614243955815
2026-01-28,0.07983260209398928,-0.0001307239665292693
2026-01-29,0.08963363881209026,0.0007051979788208467
2026-01-30,0.14195798421121955,-0.002787691241823
2026-02-02,0.07955902065300645,-0.007315739456623267
2026-02-03,0.17092146480843465,-0.0058225804157263856
2026-02-04,0.13849358097073752,-0.005043266927768264
2026-02-05,0.14608563897980356,0.007538569738526592
2026-02-06,0.14978584094059202,-0.0025970516623295406
2026-02-09,0.06089809574849975,-0.004406989628829733
2026-02-10,0.0944986054527678,-0.008154436208124812
2026-02-11,0.14662999233039212,-0.0028547888762655107
2026-02-12,0.0982577259251064,0.007085863814282403
2026-02-13,0.206596203879483,-0.004127318107012238
2026-02-17,0.07709616820632506,0.0014724916367387206
