period,n_long,short,v0_long,v1_long,v2_long,v3_long,n_cc_removed,n_d2_removed
2013-12-31,118,0.00040999726890940884,0.015035623494322164,0.015035623494322164,0.02073761395805894,0.02073761395805894,0,40
2014-03-31,118,0.07057114795615471,0.06391116277279218,0.07077738980436195,0.05469578179031638,0.05883743739910333,39,38
2014-06-30,126,0.008387514639472965,0.030426443628229716,0.019502887093090688,0.04005034861933006,0.03224755627582185,45,48
2014-09-30,118,0.05620707419835905,0.0506505718419957,0.040637315195607926,0.04365042942184524,0.023136240252304333,44,46
2014-12-31,124,0.04637567419580366,0.04633213716409868,0.06402632345690641,0.03968637275181156,0.06524184554579122,48,54
2015-03-31,124,-0.052970884076755306,-0.011900304525358962,-0.01431518507719642,-0.011419049381959888,-0.02791164581960303,43,52
2015-06-30,127,-0.006231562415123449,-0.0005607212152471506,0.027035720066739995,0.012750257384536645,0.06332694963001163,49,45
2015-09-30,136,-0.10885178293256534,-0.07818174641654077,-0.08323058002393385,-0.07069981505562839,-0.07027018432351334,38,50
2015-12-31,137,0.12248918347720902,0.10487550231874038,0.10626128415214817,0.1032086419532584,0.10731617420378432,45,57
2016-03-31,138,0.12070106287212454,0.0943666102033544,0.09676760715423942,0.10160082681141286,0.10610215289981603,49,62
2016-06-30,132,0.025321562934801978,0.026221204748276408,0.04454937499388608,0.009787789988543944,0.03583101452432033,52,52
2016-09-30,128,0.09454200563426379,0.09132670120193773,0.10037627351830997,0.08215860443178151,0.09534839320249994,51,55
2016-12-31,140,0.024059252504190515,0.019489633316137598,0.03042829087113225,0.014065932130443864,0.02720120968172832,57,54
2017-03-31,139,0.012142634173353239,0.01951740080482011,0.010120554994519596,0.00917478648151574,-0.0057058750431194715,61,56
2017-06-30,140,0.10416067761763613,0.12607308191361208,0.144937689587127,0.11412016460009677,0.12330945524600566,53,59
2017-09-30,139,0.04335749077177707,0.07403918159163171,0.07368416310417393,0.07541086360166205,0.0742084920583656,56,54
2017-12-31,153,0.024840726846131308,0.02495432206331936,0.029447718487182688,0.03332291121990242,0.03706206074056934,42,64
2018-03-31,151,0.038437083867048506,0.051922960202787576,0.05595847433930423,0.05873147873145659,0.06874627020282296,59,68
2018-06-30,144,-0.09358988438644632,-0.09031115165322912,-0.10652720596594943,-0.08251124852160095,-0.09755378617974536,56,49
2018-09-30,151,0.08681256184053564,0.10248060825051084,0.10100617107501182,0.08017933463210954,0.07006808374206215,57,62
2018-12-31,165,-0.012397949271103185,0.023877673772877857,0.03691267212507083,0.007770683123683317,0.01742488841777261,57,67
2019-03-31,153,0.0009834877317847566,-0.005750702506113509,-0.015942884947374655,-0.018540636059902672,-0.04997613784346627,70,60
2019-06-30,159,0.04557814248076504,0.04617376467979783,0.03955696099923543,0.05148522902530358,0.06592484011148372,69,63
2019-09-30,162,0.07485043374830166,0.09687610024894348,0.092769392247989,0.10002846566042878,0.08748848649274722,61,72
2019-12-31,168,-0.08202864064646082,-0.06825534435277499,-0.06986337218499425,-0.061393175317247424,-0.06031810856891867,59,69
2020-03-31,165,0.19767930454262655,0.15952762626971106,0.1638353485622925,0.1636325284049356,0.16306706196649523,67,72
2020-06-30,172,0.15288722501126575,0.10866242766867078,0.12707836761715127,0.08112365013864815,0.07048146953944262,82,64
2020-09-30,180,0.27454936060527163,0.1980056686794756,0.2311190107801402,0.19835953809627369,0.23983238871344761,63,56
2020-12-31,191,-0.0329296230601576,0.03402257181969975,0.033700893679236094,0.028275000754042063,0.04071031999692876,78,64
2021-03-31,203,-0.005681854988682529,-0.012115374488107079,-0.02445746273818622,0.01089817472564531,0.00985695049742087,61,66
2021-06-30,213,0.08747593630694957,0.07984700949295274,0.08035867650064091,0.07567461245378035,0.0830698901081207,66,81
2021-09-30,214,-0.17955855801280177,-0.07498453550540923,-0.06517654540453115,-0.09237506218075514,-0.08401670505414223,69,72
2021-12-31,237,-0.13330804827623174,-0.08746848217590755,-0.09830180085864303,-0.08965112887289997,-0.10528926605139177,57,92
2022-03-31,224,0.0868239300558714,0.09607773428180263,0.10363777566803968,0.10992395301734444,0.12313094513851422,56,87
2022-06-30,223,-0.0541720570113169,-0.04381059706752718,-0.05358645305300921,-0.017656043344025363,-0.02101562372667455,57,91
2022-09-30,209,0.09772919383199993,0.07881436483323556,0.09340827805804611,0.06872122907737818,0.08850766400392275,59,74
2022-12-31,228,-0.07331947706306503,-0.029425042014898067,-0.04100289368856346,-0.052957880511623937,-0.08108901150052977,55,80
2023-03-31,215,0.037405756931416456,0.03624882344120311,0.0385203207504258,0.0543907439409214,0.052504597184387526,68,88
2023-06-30,208,-0.0024988580800401126,0.010263991199877335,0.008307585672578104,0.02139190738134192,0.027280063712129432,64,89
2023-09-30,213,0.12268668220048892,0.1457178226102213,0.15875363209812302,0.16817678006126419,0.19664750210080348,66,87
2023-12-31,222,0.0323041917787601,0.05814403971643421,0.060924623533803644,0.06474956079237683,0.06502982200556125,58,76
2024-03-31,223,0.011280625877336739,0.024901456312871842,0.02245813451331776,0.03153965166831327,0.038781444677337504,80,87
2024-06-30,224,0.07952220114600814,0.0851733874450452,0.08641488858359364,0.08473004883354085,0.0724501499144691,72,99
2024-09-30,234,0.019472013501653316,0.02158351148851304,0.025114744863910438,-0.0007138153553575933,-0.0017883126420480345,89,97
2024-12-31,240,-0.047755787473034945,-0.013801335037902174,-0.017309969037376007,-0.014945576638520723,-0.010907763207237891,83,90
2025-03-31,239,0.05269846040027223,0.11474776326764793,0.14183697776520027,0.08181518765205734,0.10085793363967367,72,92
2025-06-30,247,-0.017804083343017103,0.005480598319001225,0.013120559823355075,0.009832648868474635,0.024570930075189686,76,109
2025-09-30,255,0.08500262326528468,0.03202553292512741,0.04223892648440326,0.02511522994064349,0.02298148230714647,70,103
2025-12-31,274,0.03473453108653685,0.03572793770275202,0.05271748413571233,0.02616269418969096,0.04001858667274535,73,113
