strategy,total_return,ann_return,ann_vol,sharpe,max_drawdown,hit_ratio,ann_turnover,fee_bps,sample
sticky_quality,-0.06101616252514486,-0.0049134302807463115,0.034376855771024846,-0.1429284374776266,-0.11441362424168677,0.5059006211180124,23.498962361972083,0,full
double_down_specific,-0.2509337360456111,-0.022351150562795685,0.07374909827353927,-0.3030701538870902,-0.4351754013152317,0.46956521739130436,11.123769230716086,0,full
abnormal_adoption,-0.4739002873298598,-0.0490069973941919,0.1086977820078309,-0.45085554175025666,-0.5377838980864305,0.4973075704783022,34.50048377291112,0,full
ccp,1.344045330004425,0.06891918591707369,0.08341519494132979,0.8262186040031209,-0.12280251752447635,0.5347826086956522,4.384509338409308,0,full
fragility_stress,-0.038812496909274796,-0.003092264548918311,0.03435996469832083,-0.08999615034730898,-0.10824322022509969,0.35319148936170214,22.083160036983664,0,full
fragility_reversal,0.3824882611613498,0.025663427353043167,0.07879807281834526,0.3256859772726367,-0.11594295337674765,0.5319875776397516,23.543261625549746,0,full
sticky_raw,-0.06072661540200386,-0.004889427027641502,0.036211144787680394,-0.13502547506603443,-0.1446189097962498,0.5127329192546584,24.343654308431443,0,full
sticky_specificity,-0.06808959931988612,-0.0055019425602550465,0.035096975767908774,-0.1567640071508895,-0.13616482376091332,0.503416149068323,23.576053497520963,0,full
double_down_all,0.4488503281870764,0.029432626618665525,0.0770776492749309,0.38185682744009597,-0.15558090392772128,0.503416149068323,10.448777558213976,0,full
abnormal_level,0.9025292728749141,0.05160811122647391,0.07509250870586903,0.6872604486902747,-0.1279995697407703,0.5298136645962733,9.174059527707898,0,full
new_holder_breadth,1.1901929302670236,0.06325681209019018,0.07910388807101774,0.7996675464725527,-0.12533149469701788,0.5434782608695652,24.26469197233256,0,full
consensus,1.3184737661944488,0.06800224920021858,0.08029559604920003,0.8468988655187406,-0.13000812189965494,0.5357142857142857,5.315593321473509,0,full
fragility_unconditional,0.2985899335736757,0.020651934047106746,0.08530814926401376,0.24208629802989434,-0.17662516101597747,0.5316770186335403,10.056972228084573,0,full
sticky_quality,-0.05524450368396505,-0.006917763573690117,0.03262770937347006,-0.21202112273670748,-0.11441362424168677,0.49951503394762364,36.6893639204615,0,pre_2022
double_down_specific,-0.3334463715953355,-0.04834163680263781,0.06911562299544918,-0.699431397816103,-0.34974090130739266,0.4597478176527643,17.367746336469466,0,pre_2022
abnormal_adoption,-0.48013788089333564,-0.07680145002204863,0.11561960419029088,-0.6642597556003225,-0.4985949617916505,0.49074537268634316,53.86624247820974,0,pre_2022
ccp,1.2482908040576177,0.10402665010585088,0.08825785003848798,1.1786673940106898,-0.1067272915268499,0.5577109602327837,6.845615404273572,0,pre_2022
fragility_stress,0.04619884372692229,0.0055320602733544,0.03672520745261315,0.1506338740357686,-0.08219535142527079,0.38181818181818183,34.47884560306562,0,pre_2022
fragility_reversal,0.266966815548759,0.029326137105869732,0.07565514048594826,0.38762914082905703,-0.11551004150051358,0.5295829291949563,36.75852917881519,0,pre_2022
sticky_raw,-0.03904825952209412,-0.004853638251130388,0.03568674403138749,-0.13600675496933756,-0.1446189097962498,0.5067895247332687,38.00819705645064,0,pre_2022
sticky_specificity,-0.06856391314698684,-0.008638661224276811,0.03312909522706062,-0.2607575354856221,-0.13616482376091332,0.5,36.809727734132345,0,pre_2022
double_down_all,0.10703468278536477,0.012498506588920932,0.07197308839945407,0.17365527681059933,-0.0944256852672537,0.495635305528613,16.313869372276887,0,pre_2022
abnormal_level,0.6485769323951667,0.06296843898444648,0.07790062491877224,0.8083175077235171,-0.1279995697407703,0.532007759456838,14.323628569436325,0,pre_2022
new_holder_breadth,1.1062543798297155,0.09526084042708027,0.08514521210110572,1.1188044292374626,-0.11892145030883394,0.5596508244422891,37.88491170280328,0,pre_2022
consensus,1.1199809434244012,0.09613026290109938,0.08329082952581668,1.1541518249773586,-0.13000812189965494,0.5504364694471388,8.299334022523592,0,pre_2022
fragility_unconditional,0.13042265585083124,0.015087518245832543,0.08023678292353745,0.1880374274254037,-0.14741183038689676,0.5295829291949563,15.702136474387016,0,pre_2022
sticky_quality,-0.006109156140067462,-0.0013326424455254449,0.03730388172039226,-0.03572396179877851,-0.08165513070068253,0.5172711571675302,24.511118219856055,0,post_2021
double_down_specific,0.12378994282457545,0.02572260601179832,0.0812941340929725,0.3164140475668333,-0.15775088538862225,0.48704663212435234,11.567003588719398,0,post_2021
abnormal_adoption,0.01199855372073566,0.0025989151371454966,0.09508847346149879,0.027331547584448227,-0.2924685352799503,0.5086355785837651,35.27496639369623,0,post_2021
ccp,0.042589920206936194,0.009117650929668875,0.07390123276334158,0.12337616828215685,-0.1228025175244768,0.4939550949913644,4.256242006411797,0,post_2021
fragility_stress,-0.0812573452417128,-0.01827380777347387,0.029673082666605354,-0.6158378614986153,-0.10824322022510147,0.3128205128205128,28.346183741671595,0,post_2021
fragility_reversal,0.09117953540287393,0.01917049923338099,0.08413933420959627,0.22784229770140674,-0.11594295337674776,0.5362694300518135,24.314242284307767,0,post_2021
sticky_raw,-0.022559255545057333,-0.004953182254892496,0.037142630167506116,-0.13335572178261468,-0.07346322844022068,0.5233160621761658,25.848515601606064,0,post_2021
sticky_specificity,0.0005092285276411257,0.0001107945021350254,0.03836582333122866,0.0028878437243087104,-0.07133324350572023,0.5094991364421416,24.488994656529375,0,post_2021
double_down_all,0.30876688031280763,0.06030588840347173,0.0854189382644597,0.706001381295127,-0.11959796708692205,0.5172711571675302,10.768526638900212,0,post_2021
abnormal_level,0.15404336642681682,0.03166944193944343,0.06982637153732368,0.4535455765808401,-0.114970264666035,0.5259067357512953,9.670875863849488,0,post_2021
new_holder_breadth,0.039852047901307586,0.008540379503666484,0.06690667982295201,0.12764614125623894,-0.12117828774793826,0.5146804835924007,26.193762856789487,0,post_2021
consensus,0.09362953161712317,0.019668037985378195,0.07460676735592942,0.2636227071942029,-0.10887294940915626,0.5094991364421416,5.137627096651201,0,post_2021
fragility_unconditional,0.14876495694105896,0.030640734267216807,0.09369797674245614,0.32701596483174616,-0.12485841762406724,0.5354058721934369,9.787146518370774,0,post_2021
sticky_quality,-0.3046748662144282,-0.028028961944972064,0.03446929755648468,-0.8131573293317373,-0.3162150151038343,0.48416149068322983,23.498962361972083,5,full
double_down_specific,-0.3502750535659851,-0.03317337612051052,0.07383340179213907,-0.4493003886493341,-0.4858894216660675,0.4649068322981366,11.123769230716086,5,full
abnormal_adoption,-0.6615614832497556,-0.08126954945910059,0.10872712609683576,-0.7474634194480538,-0.6957011907144559,0.48843839087741525,34.50048377291112,5,full
ccp,1.2163352459219712,0.06424430089057487,0.08341095455482293,0.770214191091045,-0.127060986711522,0.5313664596273292,4.384509338409308,5,full
fragility_stress,-0.27529685426873474,-0.024876979792716303,0.03464711604703012,-0.7180101154436115,-0.2813359600130959,0.26324786324786326,22.083160036983664,5,full
fragility_reversal,0.023292393337065453,0.0018030413907228482,0.07880500734493731,0.022879782027438404,-0.15985470230461185,0.5236024844720497,23.543261625549746,5,full
sticky_raw,-0.3119271941360924,-0.02882594540549266,0.03628893897928883,-0.7943452251922956,-0.3222670051365042,0.4863354037267081,24.343654308431443,5,full
sticky_specificity,-0.31059156075202576,-0.02867858814591351,0.03518282695764377,-0.8151302958241348,-0.3207842318065095,0.4782608695652174,23.576053497520963,5,full
double_down_all,0.2676686848204055,0.018729348210841268,0.07712708087710587,0.24283750918415506,-0.1637678681583289,0.5,10.448777558213976,5,full
abnormal_level,0.6920747980828941,0.04200730413259146,0.07508076802432843,0.5594948645035147,-0.13596878509611088,0.5263975155279503,9.174059527707898,5,full
new_holder_breadth,0.6061937569375457,0.03776955327435849,0.07914118239497363,0.4772427215689071,-0.15007951375084805,0.5251552795031056,24.26469197233256,5,full
consensus,1.1662314263586748,0.06234211060343764,0.080289876158865,0.7764629064825664,-0.1312501564544225,0.5335403726708075,5.315593321473509,5,full
fragility_unconditional,0.14196665436442513,0.01044017682037679,0.08530206718357403,0.12239066607740047,-0.18963046816915985,0.525776397515528,10.056972228084573,5,full
sticky_quality,-0.21698192036508945,-0.02943642160112092,0.03275127313966573,-0.898787093728881,-0.2493571827491533,0.47623666343355964,36.6893639204615,5,pre_2022
double_down_specific,-0.39025900181305406,-0.05864152600778494,0.06918221974314477,-0.8476386884593378,-0.40134054757882076,0.45489815712900095,17.367746336469466,5,pre_2022
abnormal_adoption,-0.6067293000106989,-0.10774152046051699,0.11569236965239255,-0.9312759413973061,-0.6185868891408368,0.4842421210605303,53.86624247820974,5,pre_2022
ccp,1.167788542693034,0.09912024531896146,0.08824866100991399,1.1231926262068286,-0.1080134527855765,0.553831231813773,6.845615404273572,5,pre_2022
fragility_stress,-0.10139484987045921,-0.01297457673591007,0.036946368979359615,-0.35117325719229464,-0.16913551760088374,0.27941176470588236,34.47884560306562,5,pre_2022
fragility_reversal,0.048697843173881594,0.005825145732015535,0.07566535828786851,0.07698563601395761,-0.15985470230461185,0.5208535402521823,36.75852917881519,5,pre_2022
sticky_raw,-0.20724343174158666,-0.027969907709516795,0.035757624178138554,-0.7822082241866896,-0.2591116576418693,0.4801163918525703,38.00819705645064,5,pre_2022
sticky_specificity,-0.22885961916120823,-0.031246908488803293,0.03324463076912636,-0.9399084232820444,-0.261644540316297,0.47332686711930166,36.809727734132345,5,pre_2022
double_down_all,0.017762558472298462,0.0021530052517264586,0.07199113295580581,0.029906533809492257,-0.13789191596139216,0.4922405431619787,16.313869372276887,5,pre_2022
abnormal_level,0.5328320794572448,0.05355829833036685,0.07788615460370366,0.6876485121505798,-0.13596878509611088,0.5286129970902037,14.323628569436325,5,pre_2022
new_holder_breadth,0.7422257916498556,0.07016671450611067,0.08518735796066979,0.8236752047000447,-0.12460681418825781,0.5426770126091174,37.88491170280328,5,pre_2022
consensus,1.0280947205475677,0.09021337345169611,0.08327886279386292,1.0832685560920534,-0.1312501564544225,0.549466537342386,8.299334022523592,5,pre_2022
fragility_unconditional,0.03983358442112506,0.004782749877806802,0.08022144518496825,0.059619343266368696,-0.15213219740291128,0.5223084384093113,15.702136474387016,5,pre_2022
sticky_quality,-0.11199351347062714,-0.025516485728142135,0.037348819833552115,-0.6831938958676155,-0.12881787234727293,0.49827288428324695,24.511118219856055,5,post_2021
double_down_specific,0.06557529896457859,0.013917846148182589,0.0814077010580818,0.17096473634911577,-0.16074961900557994,0.48272884283246975,11.567003588719398,5,post_2021
abnormal_adoption,-0.1394260575236056,-0.03214827305136836,0.09502666719359859,-0.33830790872495214,-0.3682756551349995,0.49568221070811747,35.27496639369623,5,post_2021
ccp,0.022394575057873345,0.00483129615214839,0.07390809620551986,0.0653689703860558,-0.1270609867115211,0.4913644214162349,4.256242006411797,5,post_2021
fragility_stress,-0.19352437983824866,-0.0457268470660076,0.03008579185915587,-1.5198817860628044,-0.20260816810643612,0.24081632653061225,28.346183741671595,5,post_2021
fragility_reversal,-0.02422571000997631,-0.005322609021253699,0.08414066784025992,-0.06325845940940962,-0.12884762869580757,0.5284974093264249,24.314242284307767,5,post_2021
sticky_raw,-0.13205032488659285,-0.030349126112177993,0.03723213730280068,-0.8151325255747558,-0.1483783126000935,0.49740932642487046,25.848515601606064,5,post_2021
sticky_specificity,-0.10598840836465595,-0.02408619228721498,0.03840730895877327,-0.6271252253853375,-0.12634077591339132,0.48704663212435234,24.488994656529375,5,post_2021
double_down_all,0.2455446255787075,0.04894269558234665,0.0855166570763411,0.5723176893906796,-0.12289587081119746,0.5138169257340242,10.768526638900212,5,post_2021
abnormal_level,0.10388790837547779,0.02174186017852242,0.06981913030022177,0.31140262110158884,-0.12264640518770709,0.5224525043177893,9.670875863849488,5,post_2021
new_holder_breadth,-0.07807945179338127,-0.017535833930762745,0.06692403376821841,-0.26202595604884693,-0.14604381834366842,0.4939550949913644,26.193762856789487,5,post_2021
consensus,0.0681115652102322,0.014442534537103535,0.07461413279079078,0.19356298863110422,-0.11422845835575712,0.5051813471502591,5.137627096651201,5,post_2021
fragility_unconditional,0.09822059171146735,0.020598034921113895,0.0937057854560172,0.2198160425300743,-0.13000532721626978,0.531951640759931,9.787146518370774,5,post_2021
sticky_quality,-0.4851750149811509,-0.05061746826627411,0.03479977237914358,-1.4545344640417963,-0.49161870223971826,0.4649068322981366,23.498962361972083,10,full
double_down_specific,-0.4364904063115005,-0.04388226801294848,0.07400203981875578,-0.5929872760321742,-0.5320751884607657,0.4614906832298137,11.123769230716086,10,full
abnormal_adoption,-0.7823308069292075,-0.11245270561176501,0.10886923955340759,-1.032915321839825,-0.7997443440081332,0.47671840354767187,34.50048377291112,10,full
ccp,1.0955751096392876,0.05958954282450102,0.08340941315499951,0.7144222764613619,-0.13129897661805678,0.5288819875776397,4.384509338409308,10,full
fragility_stress,-0.45374942944638685,-0.04620631510142781,0.03549118404250452,-1.301909653002581,-0.4571535317842117,0.24957264957264957,22.083160036983664,10,full
fragility_reversal,-0.24260354139791618,-0.021504875017050784,0.07881779738116489,-0.27284288233852383,-0.2694493557551204,0.5105590062111801,23.543261625549746,10,full
sticky_raw,-0.4960206687996034,-0.05219762710340736,0.036617817130419374,-1.4254707460441556,-0.5013868214493833,0.46366459627329193,24.343654308431443,10,full
sticky_specificity,-0.4900585993776827,-0.05132514716830128,0.03550482855131293,-1.4455821718480972,-0.49552486759533987,0.4583850931677019,23.576053497520963,10,full
double_down_all,0.109058793643249,0.00813128310065414,0.07724866746752689,0.1052611438776248,-0.2009541584346506,0.496583850931677,10.448777558213976,10,full
abnormal_level,0.5048836375668151,0.032493247567724426,0.07507621924306512,0.4328034615398652,-0.1438659672223851,0.5239130434782608,9.174059527707898,10,full
new_holder_breadth,0.1777819941318688,0.01288438286912963,0.079259386598473,0.16255970960766758,-0.23484795932962887,0.508695652173913,24.26469197233256,10,full
consensus,1.0239759230305383,0.05671155506442416,0.08028764903739183,0.7063546603290409,-0.1324904963000455,0.5322981366459627,5.315593321473509,10,full
fragility_unconditional,0.004218376538910995,0.00032939141256838056,0.0853053288122708,0.0038613228171626135,-0.202431218471105,0.5226708074534161,10.056972228084573,10,full
sticky_quality,-0.3510846865713464,-0.05145409650149646,0.03311864236492348,-1.5536294010648328,-0.3708561058548113,0.4573229873908826,36.6893639204615,10,pre_2022
double_down_specific,-0.44225817627635866,-0.06883582761061324,0.06933297062723268,-0.9928296305189012,-0.4488723693266907,0.45004849660523766,17.367746336469466,10,pre_2022
abnormal_adoption,-0.7025366055970902,-0.13765957752862212,0.11587412962532777,-1.188009592596176,-0.7099572491103135,0.46973486743371684,53.86624247820974,10,pre_2022
ccp,1.0901624517234207,0.09423524270938,0.08824276088905977,1.067909047268524,-0.10929783481334465,0.5528612997090203,6.845615404273572,10,pre_2022
fragility_stress,-0.22828116786346642,-0.03115817147256328,0.03761385689355333,-0.828369490550795,-0.2613880131119204,0.2735294117647059,34.47884560306562,10,pre_2022
fragility_reversal,-0.13198695613278366,-0.01714184368479288,0.07568200842470837,-0.22649826612154858,-0.21779137046960484,0.510184287099903,36.75852917881519,10,pre_2022
sticky_raw,-0.34605988900750606,-0.05055992921469876,0.03608100758471042,-1.401289282068827,-0.37699259140472285,0.4597478176527643,38.00819705645064,10,pre_2022
sticky_specificity,-0.36162313809765656,-0.05334933907517625,0.033604508288023936,-1.5875649367614473,-0.3818586890168726,0.453443258971872,36.809727734132345,10,pre_2022
double_down_all,-0.0643537906214886,-0.008092381695337325,0.07208155698607081,-0.11226702132559531,-0.18844875865095845,0.48933074684772065,16.313869372276887,10,pre_2022
abnormal_level,0.42520289646138965,0.044230509260013706,0.07787939465548785,0.5679359663191342,-0.1438659672223851,0.5257032007759457,14.323628569436325,10,pre_2022
new_holder_breadth,0.44101691946092547,0.045639012006241986,0.08530002594435054,0.5350410096711662,-0.15459185582928325,0.526188166828322,37.88491170280328,10,pre_2022
consensus,0.9401836082143302,0.08432791061508693,0.08327118708562092,1.0126901460931435,-0.1324904963000455,0.5484966052376333,8.299334022523592,10,pre_2022
fragility_unconditional,-0.043505854930597776,-0.00541867053036027,0.08021679114974525,-0.06755032771436754,-0.16937223267732004,0.518913676042677,15.702136474387016,10,pre_2022
sticky_quality,-0.20663763920336253,-0.049125169719511086,0.03762371608772323,-1.3056969068385254,-0.21190901267149231,0.4784110535405872,24.511118219856055,10,post_2021
double_down_specific,0.010341290036939066,0.0022413877347555733,0.08160665554044495,0.027465746756950755,-0.1637390403192719,0.48186528497409326,11.567003588719398,10,post_2021
abnormal_adoption,-0.268248809209905,-0.06570669843041843,0.09508733004110628,-0.6910142329373787,-0.4359905550009737,0.48877374784110533,35.27496639369623,10,post_2021
ccp,0.002589587192803444,0.0005629671088527299,0.07391643486860738,0.007616264364663296,-0.13129897661805778,0.48618307426597585,4.256242006411797,10,post_2021
fragility_stress,-0.2921637417590336,-0.07243812403196237,0.031293554554182645,-2.3147937351297285,-0.2972385030282516,0.2163265306122449,28.346183741671595,10,post_2021
fragility_reversal,-0.12743654723471654,-0.02922976994193638,0.08414690885429613,-0.34736593821347544,-0.16862131176955375,0.5112262521588946,24.314242284307767,10,post_2021
sticky_raw,-0.22931882793440894,-0.05510822245451463,0.03757016192742496,-1.4668082229980348,-0.2334265561218105,0.47063903281519864,25.848515601606064,10,post_2021
sticky_specificity,-0.2011906585982638,-0.04770827911755304,0.038673537486233964,-1.2336155991557545,-0.21167836087366299,0.46718480138169255,24.488994656529375,10,post_2021
double_down_all,0.18533991002852224,0.03769432332743161,0.08568685379747555,0.4399078931818843,-0.1261826718056227,0.5094991364421416,10.768526638900212,10,post_2021
abnormal_level,0.05590834912226739,0.011908998766740009,0.06981806145244808,0.17057189098341022,-0.1416746389906155,0.5207253886010362,9.670875863849488,10,post_2021
new_holder_breadth,-0.18267302886876002,-0.04294723960761959,0.06704735448312245,-0.6405508455733406,-0.23121477172409854,0.4775474956822107,26.193762856789487,10,post_2021
consensus,0.04318782741048355,0.00924355989061243,0.0746234174314177,0.12386942609681041,-0.1197874851898344,0.5034542314335061,5.137627096651201,10,post_2021
fragility_unconditional,0.04989495410455169,0.010652110450973362,0.09372095774111837,0.1136577208312068,-0.13512274997019358,0.5293609671848014,9.787146518370774,10,post_2021
sticky_quality,-0.7178836854565737,-0.09426033713433368,0.0361440146033463,-2.607910000280014,-0.7191052397303217,0.42732919254658386,23.498962361972083,20,full
double_down_specific,-0.5762283474989747,-0.06496454693409393,0.0745897453468317,-0.8709581542612598,-0.6124348515115379,0.45279503105590063,11.123769230716086,20,full
abnormal_adoption,-0.9100198156664244,-0.1717221711025092,0.10948966970299738,-1.5683869680886264,-0.913327538618554,0.4551789673740893,34.50048377291112,20,full
ccp,0.873414071606224,0.05034006612040476,0.08341442765190382,0.6034935147008207,-0.13971390840927045,0.5251552795031056,4.384509338409308,20,full
fragility_stress,-0.6899058076712761,-0.0875350214732824,0.03868055309366897,-2.263024038495708,-0.691109066020974,0.20683760683760682,22.083160036983664,20,full
fragility_reversal,-0.5851166628742107,-0.06651393498399716,0.07886093128210508,-0.8434332933003332,-0.587926683084459,0.49006211180124226,23.543261625549746,20,full
sticky_raw,-0.7297431191385939,-0.09729850585958655,0.03799778244771238,-2.5606364264408357,-0.7309721588999872,0.4357142857142857,24.343654308431443,20,full
sticky_specificity,-0.7211112978448668,-0.09507535503604658,0.03682797476180625,-2.5816069347002983,-0.723610772197377,0.4263975155279503,23.576053497520963,20,full
double_down_all,-0.15130512521423456,-0.012753124826323847,0.07770674983107966,-0.16411862359507792,-0.3273201726081083,0.48819875776397514,10.448777558213976,20,full
abnormal_level,0.19029634181312383,0.01372228916594942,0.07508870054299496,0.18274772458064031,-0.1785060692513848,0.5170807453416149,9.174059527707898,20,full
new_holder_breadth,-0.3669283504624732,-0.035135444725265974,0.07973683904355397,-0.44064255802859503,-0.4293980013439417,0.48354037267080746,24.26469197233256,20,full
consensus,0.7668504385330432,0.045538583425472234,0.08029367380778095,0.5671503278638033,-0.13496610070770565,0.5276397515527951,5.315593321473509,20,full
fragility_unconditional,-0.2234709900739933,-0.019593202386252062,0.08533987584267835,-0.22959023777315515,-0.2884948279270626,0.5152173913043478,10.056972228084573,20,full
sticky_quality,-0.5544342097434922,-0.09403002089319501,0.03454854485070508,-2.721678186433835,-0.5592812383352508,0.4219204655674103,36.6893639204615,20,pre_2022
double_down_specific,-0.5334038202391838,-0.08891177287490037,0.06988445244414025,-1.2722682909473886,-0.5366098293095836,0.44180407371484,17.367746336469466,20,pre_2022
abnormal_adoption,-0.8298889985982222,-0.19456172051431264,0.11656228786205024,-1.6691652513253137,-0.8323464713347,0.4517258629314657,53.86624247820974,20,pre_2022
ccp,0.9431322750843325,0.08452907694938316,0.08824082964166666,0.9579361084051863,-0.11186127063526696,0.5489815712900097,6.845615404273572,20,pre_2022
fragility_stress,-0.43108739744318203,-0.06657748078854153,0.040184107849904796,-1.656811220923977,-0.4341654452621254,0.22941176470588234,34.47884560306562,20,pre_2022
fragility_reversal,-0.4053653420363338,-0.06152184872191502,0.07573458709453272,-0.8123349064427167,-0.4105685816753052,0.489815712900097,36.75852917881519,20,pre_2022
sticky_raw,-0.5551501160820757,-0.09420795777181745,0.037454028538101244,-2.5152957224876773,-0.5676294986982937,0.43501454898157127,38.00819705645064,20,pre_2022
sticky_specificity,-0.5626247823635917,-0.09608093802327489,0.035022063268257436,-2.7434402504308966,-0.5696510636288069,0.4209505334626576,36.809727734132345,20,pre_2022
double_down_all,-0.20935465525302355,-0.028286487795098014,0.07247824302782079,-0.39027557254996154,-0.2809151299809709,0.48205625606207564,16.313869372276887,20,pre_2022
abnormal_level,0.23205807756720764,0.025819141386846933,0.07788901159997377,0.33148631439117693,-0.1599398347603136,0.5193986420950534,14.323628569436325,20,pre_2022
new_holder_breadth,-0.014375957306071108,-0.0017672362653932128,0.0857356421642353,-0.020612620618247573,-0.29412589448622417,0.49951503394762364,37.88491170280328,20,pre_2022
consensus,0.7756075252661174,0.07265060778497956,0.08326871282345184,0.872483857640684,-0.13496610070770565,0.5426770126091174,8.299334022523592,20,pre_2022
fragility_unconditional,-0.1907071148006122,-0.025515554696381226,0.08023953735789341,-0.3179922957752595,-0.25194458388796637,0.5106692531522793,15.702136474387016,20,pre_2022
sticky_quality,-0.36683578337328304,-0.09467050503184915,0.03883977476829118,-2.4374627710029415,-0.3708302917896723,0.4369602763385147,24.511118219856055,20,post_2021
double_down_specific,-0.09178070699537622,-0.020731898368428703,0.08225798290903731,-0.25203509295085064,-0.16969005147088478,0.47236614853195164,11.567003588719398,20,post_2021
abnormal_adoption,-0.4710501755200691,-0.12941655492898374,0.09557465949930725,-1.3540885796189708,-0.5504951092193209,0.46113989637305697,35.27496639369623,20,post_2021
ccp,-0.03587928849315103,-0.007919913688100078,0.07393753577270612,-0.10711627869837254,-0.13971390840927,0.48272884283246975,4.256242006411797,20,post_2021
fragility_stress,-0.4549352731243915,-0.12371226717771855,0.03572052449631191,-3.4633384845872475,-0.4553684468163688,0.17551020408163265,28.346183741671595,20,post_2021
fragility_reversal,-0.30228867159111805,-0.07534173353353424,0.08417410780793659,-0.8950701765137145,-0.33079115464880793,0.4905008635578584,24.314242284307767,20,post_2021
sticky_raw,-0.39247622483078193,-0.1027782751413222,0.038961146617125915,-2.637968439464371,-0.39326271401631396,0.4369602763385147,25.848515601606064,20,post_2021
sticky_specificity,-0.36235824319846444,-0.09328111644982262,0.039858413894768595,-2.3403118020726295,-0.36926631112618524,0.43609671848013815,24.488994656529375,20,post_2021
double_down_all,0.0734204411933479,0.015537656880094453,0.08624278187096177,0.1801618239001406,-0.1343227213109418,0.4991364421416235,10.768526638900212,20,post_2021
abnormal_level,-0.033895914904067515,-0.007476138912401842,0.06983444042188094,-0.10705518462290668,-0.17850606925138635,0.5129533678756477,9.670875863849488,20,post_2021
new_holder_breadth,-0.35769459538831716,-0.09184207047598858,0.06760907858733785,-1.3584280749714166,-0.38839155088115096,0.45509499136442144,26.193762856789487,20,post_2021
consensus,-0.004931881966290241,-0.0010753360275644885,0.07464774131742334,-0.014405473073751222,-0.13080191602295566,0.5008635578583766,5.137627096651201,20,post_2021
fragility_unconditional,-0.04048457100337499,-0.008953095248466214,0.09377337699438762,-0.0954758753009616,-0.14526979297590714,0.5233160621761658,9.787146518370774,20,post_2021
