period,exp,spread_uncond,spread_t0,spread_t1,spread_t2,delta,n
2013-09-30,new_conv|mktcap,0.009454443206868543,0.011976498777645894,0.01682697803234611,0.001478820200633564,0.002522055570777351,1082
2013-09-30,dbreadth|io,0.034854027484508866,0.05240797348084381,0.07500655258310568,-0.007234099342270046,0.017553945996334946,1084
2013-09-30,distress|adv,-0.0994662463475349,-0.09376884538227079,-0.05931572384303764,-0.07482758420039681,0.00569740096526411,1114
2013-09-30,pressure|vol,-0.08904446887747718,-0.03828144775912902,0.0018611657205350532,-0.12769534243036368,-0.0386508735528865,1114
2013-09-30,exit_rate|mom,0.06284825190852808,0.06559063587935873,-0.0019750691180510926,0.09681866036904122,0.002742383970830653,1091
2013-09-30,pressure|adv,-0.08904446887747718,-0.15701224074588319,-0.014513276798181658,-0.05703283532153268,-0.06796777186840601,1114
2013-09-30,pressure|mktcap,-0.09063742406419727,-0.17427616263219248,-0.037097110400184236,-0.00958822534445792,-0.08363873856799521,1083
2013-09-30,pressure|vol_resid,-0.09063742406419727,-0.03547412049470714,-0.013208005623072332,-0.12508400200311587,-0.0344465779389186,1082
2013-09-30,pressure_o|vol,-0.07099785848970233,-0.03407863771611433,0.0008701388662718246,-0.09963468996475305,-0.028636831475050722,1093
2013-09-30,pressure_o|vol_resid,-0.07240811105152199,-0.026394718951327265,-0.030796119413923566,-0.06318473016366788,0.009223380887854113,1062
2013-12-31,new_conv|mktcap,0.01906785394783016,0.0013451076318749915,-0.010050497277047814,0.056319547362324356,-0.01772274631595517,1105
2013-12-31,dbreadth|io,-0.003315172332997541,-0.030365770078121822,0.008148560133791744,0.008659244780610852,-0.02705059774512428,1107
2013-12-31,distress|adv,0.07540622173238029,0.057511776009204374,0.016361379952119223,0.0857265092641073,-0.017894445723175917,1138
2013-12-31,pressure|vol,0.045047047465036065,-0.012912096283122884,0.0002668703930292563,0.06450106169700698,0.019454014231970913,1138
2013-12-31,exit_rate|mom,-0.07732735301181773,-0.07763588117583363,-0.06203960641150419,-0.10966965059793869,-0.00030852816401590044,1106
2013-12-31,pressure|adv,0.045047047465036065,0.04240485804423549,0.049630608670675744,0.018147582957327227,-0.002642189420800578,1138
2013-12-31,pressure|mktcap,0.04041065463642887,0.03566168168760418,0.03717961656141793,0.014930560017659529,-0.0047489729488246896,1106
2013-12-31,pressure|vol_resid,0.04008167332880758,-0.009694317807642659,-0.001986209280807694,0.008232142891079292,-0.031849530437728285,1105
2013-12-31,pressure_o|vol,0.03146561803129277,-0.02023214661178766,-0.029304068757990433,0.0491810686010472,0.017715450569754432,1107
2013-12-31,pressure_o|vol_resid,0.029159575902057294,-0.021091858004538167,-0.010314889056373809,0.006473262520738002,-0.02268631338131929,1076
2014-03-31,new_conv|mktcap,-0.006312613543729438,-0.008857991680639277,0.014931605113707669,0.004865178990453134,-0.0025453781369098386,1116
2014-03-31,dbreadth|io,0.05023105115857849,0.04635758023023672,0.00892903353015187,0.06511032101228194,-0.0038734709283417684,1122
2014-03-31,distress|adv,-0.037407798820781324,0.008850636570987773,-0.04192523680685275,-0.05306413085810547,0.0462584353917691,1149
2014-03-31,pressure|vol,-0.021727108339931044,0.01590234502416861,0.012006028237773643,-0.08542295588426718,-0.06369584754433613,1149
2014-03-31,exit_rate|mom,0.020983412578260523,0.044855971371588296,-0.003455233833767689,-0.010889603168922166,0.023872558793327774,1113
2014-03-31,pressure|adv,-0.021727108339931044,-0.007475201574636804,-0.0655357833358505,0.005454098383327659,0.01425190676529424,1149
2014-03-31,pressure|mktcap,-0.023407277086285448,-0.0234442476309753,-0.08155577941782169,0.011442048089594967,-3.6970544689853e-05,1117
2014-03-31,pressure|vol_resid,-0.023682407333472495,0.011363612956265513,-0.008602625165267663,-0.067728413169538,-0.0440460058360655,1116
2014-03-31,pressure_o|vol,-0.012029307623450433,0.019831350619163746,0.004696740340460675,-0.07376384034108603,-0.0617345327176356,1116
2014-03-31,pressure_o|vol_resid,-0.014840330937060733,0.011506815570518497,0.0016811741847693393,-0.07878741578288925,-0.06394708484582852,1085
2014-06-30,new_conv|mktcap,0.013974495518683398,0.0035816888658805543,0.0015864401895623811,0.05618454124284442,-0.010392806652802844,1145
2014-06-30,dbreadth|io,0.022190206895037912,0.043055389228674364,0.012397989031323949,-0.0024559651867263367,0.02086518233363645,1152
2014-06-30,distress|adv,0.0018370445877811878,0.047798018095115274,-0.03611516312821413,0.021899655215174247,0.04596097350733409,1178
2014-06-30,pressure|vol,0.06693905708493758,0.028058157180462152,0.021683012665732648,0.11130033638503309,0.04436127930009551,1178
2014-06-30,exit_rate|mom,-0.07102273067657572,-0.07945414807945943,-0.03488905781867792,-0.056384551152955216,-0.008431417402883709,1130
2014-06-30,pressure|adv,0.06693905708493758,0.05203395191519204,0.033758116274839406,0.04884347033978538,-0.014905105169745539,1178
2014-06-30,pressure|mktcap,0.06777259167279201,0.018614996372853465,0.06225439235139674,0.07392489023283623,-0.049157595299938545,1146
2014-06-30,pressure|vol_resid,0.0672769962739931,-0.00028493832969960636,0.06172573839303364,0.09575683849996164,0.02847984222596854,1145
2014-06-30,pressure_o|vol,0.07122887200628608,0.02243970009629573,0.037377043632488886,0.09575968589538972,0.024530813889103636,1133
2014-06-30,pressure_o|vol_resid,0.07020734374344217,0.002141345125070422,0.049510278070088606,0.11883195331762753,0.04862460957418535,1101
2014-09-30,new_conv|mktcap,0.007188658772487304,0.01486271691219146,-0.01803222744556903,0.020206692228120077,0.0076740581397041555,1172
2014-09-30,dbreadth|io,0.025482787359643985,-0.0008429013868594126,0.020267935782722568,0.034480603990144125,-0.026325688746503397,1170
2014-09-30,distress|adv,-0.003290263473418889,-0.0283678509638833,-0.03802647520894113,-0.0029143507642646685,-0.02507758749046441,1205
2014-09-30,pressure|vol,0.015771818112989153,0.02799352379040192,0.004082706191343644,0.01401583127528308,-0.0017559868377060722,1205
2014-09-30,exit_rate|mom,0.006963745197090754,-0.0058520804729041975,0.030796918296301337,-0.015083518319856291,-0.012815825669994951,1143
2014-09-30,pressure|adv,0.015771818112989153,0.010694610469466615,0.05111767632698931,-0.018741038504586763,-0.005077207643522538,1205
2014-09-30,pressure|mktcap,0.01269059188714202,0.022573353197127454,0.02969839663570424,0.016805015703088618,0.009882761309985433,1173
2014-09-30,pressure|vol_resid,0.01345696407585293,0.03188928070933894,-0.02460416208550804,0.04504748859230209,0.03159052451644916,1172
2014-09-30,pressure_o|vol,0.017032135025278505,0.027853989093862934,0.018990612043460916,0.01601584694413375,-0.0010162880811447547,1148
2014-09-30,pressure_o|vol_resid,0.01758247937102984,0.03687671093067582,-0.024972212338345758,0.03074372966731348,0.01316125029628364,1116
2014-12-31,new_conv|mktcap,0.012844792489053673,0.034888901639178765,0.015503264094947206,-0.02519864013342334,0.022044109150125092,1188
2014-12-31,dbreadth|io,0.0015728961869337296,0.034885896657696806,-0.0008656539213214159,0.01000962361761906,0.03331300047076308,1186
2014-12-31,distress|adv,-0.033912077495408616,-0.051181156221301774,-0.03178655681534884,-0.04356725450981679,-0.01726907872589316,1224
2014-12-31,pressure|vol,-0.029932395546342062,-0.02577152538709337,-0.007200403477746177,-0.008129907265009166,0.021802488281332896,1224
2014-12-31,exit_rate|mom,0.05955507553241535,0.10057283375627889,0.022236149113532132,0.04843861107095528,0.04101775822386354,1161
2014-12-31,pressure|adv,-0.029932395546342062,-0.035345086362814186,-0.0011614685512633532,-0.02264138189395411,-0.005412690816472124,1224
2014-12-31,pressure|mktcap,-0.03346477179665831,-0.016367016090478692,-0.054562906396256834,-0.03576133003481853,0.01709775570617962,1189
2014-12-31,pressure|vol_resid,-0.03273750211164219,-0.03355155075387283,-0.012508325062025434,0.011438280732450436,0.044175782844092626,1188
2014-12-31,pressure_o|vol,-0.01734882370938465,-0.024404714893050652,-0.007056136625858946,0.004802321306514035,0.022151145015898686,1172
2014-12-31,pressure_o|vol_resid,-0.01679364019979373,-0.03208891233537335,0.0077543003502930224,-0.006186382759269332,0.010607257440524397,1138
2015-03-31,new_conv|mktcap,0.04339244584353681,0.04910405444989907,0.00679706428197762,0.04330903393015238,0.005711608606362259,1214
2015-03-31,dbreadth|io,0.056807024806302356,0.06832576051877554,0.06568560056693076,0.07776070831650217,0.01151873571247318,1215
2015-03-31,distress|adv,-0.02541645869928125,-0.009519341611003568,-0.01912117763399402,0.049553818256605486,0.015897117088277683,1252
2015-03-31,pressure|vol,0.02867513957538008,0.013870549818812056,0.04670662193076878,-0.001070839232423862,-0.02974597880780394,1252
2015-03-31,exit_rate|mom,-0.08979725027971998,-0.08275699324892027,-0.04831038373106469,-0.046888506558520615,0.007040257030799704,1195
2015-03-31,pressure|adv,0.029725675430962196,0.03309446623993931,0.061655788015371596,0.02952817325677215,0.003368790808977111,1252
2015-03-31,pressure|mktcap,0.031327451035062834,0.008476174944168139,0.041215707300782015,0.035776390922375785,-0.022851276090894695,1215
2015-03-31,pressure|vol_resid,0.025902813551809286,0.0171138830064273,0.004147138049802131,0.006786222988187117,-0.01911659056362217,1214
2015-03-31,pressure_o|vol,0.024769130965016584,0.009209830849580559,0.018904163306643868,0.024889892369047137,0.00012076140403055255,1201
2015-03-31,pressure_o|vol_resid,0.022849491970894725,-0.002344174573228443,0.0005371249528492109,0.015200121409510978,-0.007649370561383748,1166
2015-06-30,new_conv|mktcap,-0.0006158280006915776,-0.0166735511566772,-0.019730620326104058,-0.006209334289055117,-0.016057723155985623,1230
2015-06-30,dbreadth|io,-0.004930353906842849,-0.05131248695059373,-0.054350374743927066,0.055062607870260794,-0.046382133043750884,1240
2015-06-30,distress|adv,-0.010394887453054995,0.022512675338337652,-0.0067303467519076315,0.0710269459219952,0.03290756279139265,1268
2015-06-30,pressure|vol,0.001162962578630456,-0.005657317033973718,-0.012411991384564138,0.07272764883573171,0.07156468625710126,1268
2015-06-30,exit_rate|mom,-0.0303563677096116,-0.00443871063941325,-0.047102099139912895,-0.031803556526819404,0.02591765707019835,1223
2015-06-30,pressure|adv,0.001162962578630456,0.0394524804852065,-0.013546286086419446,-0.06754275395907966,0.038289517906576045,1268
2015-06-30,pressure|mktcap,0.005837116524752859,0.030392019375699263,-0.023134477650842825,-0.054297338311628786,0.024554902850946404,1231
2015-06-30,pressure|vol_resid,0.006274713264313416,0.009816083907816662,0.018028871996254837,0.018122119500669102,0.011847406236355686,1230
2015-06-30,pressure_o|vol,0.008839987360859138,-0.007500917708747775,-0.019639283649556874,0.04405276529369997,0.03521277793284083,1230
2015-06-30,pressure_o|vol_resid,0.010606503901298761,0.00781243627121289,0.006690182328022376,0.023922269464308008,0.013315765563009247,1195
2015-09-30,new_conv|mktcap,0.022459623547179827,0.03894122022099214,-0.03412935427098068,0.08285989087051221,0.016481596673812313,1260
2015-09-30,dbreadth|io,0.02860159634622235,0.019085204027109587,0.04696345874964837,0.011192544904262525,-0.009516392319112763,1265
2015-09-30,distress|adv,0.0562461072148258,0.004485671890519849,0.17011766892911528,0.07146816877157793,-0.05176043532430595,1302
2015-09-30,pressure|vol,-0.10616599730583641,-0.02261816740398831,-0.03798133566943729,-0.052825589882520924,0.053340407423315486,1302
2015-09-30,exit_rate|mom,-0.13582022642808106,-0.07493773700693179,-0.10865207685628606,-0.15272393056458267,0.060882489421149266,1247
2015-09-30,pressure|adv,-0.10616599730583641,-0.07848621510948627,-0.12983658696730832,-0.07788462170953693,0.027679782196350144,1302
2015-09-30,pressure|mktcap,-0.10450562163601901,-0.0723456202714244,-0.11171258800705665,-0.09598528409464978,0.03216000136459461,1261
2015-09-30,pressure|vol_resid,-0.10341508417509336,-0.022098768362175912,-0.029767333917966543,-0.06701926945557718,0.03639581471951618,1260
2015-09-30,pressure_o|vol,-0.09166294689247625,-0.01810195573267573,-0.04146132542734185,-0.07427318542643799,0.017389761466038267,1252
2015-09-30,pressure_o|vol_resid,-0.09517134988149815,-0.021223157835516746,-0.021574580171177027,-0.06529551015876026,0.0298758397227379,1213
2015-12-31,new_conv|mktcap,-0.010863364726742014,-0.039035824707919775,-0.004825340738993877,-0.0312514529321784,-0.02817245998117776,1279
2015-12-31,dbreadth|io,-0.0518346607748926,0.0021627412425473946,-0.08564343185796565,-0.04276614976061496,0.053997402017439994,1283
2015-12-31,distress|adv,-0.01689478924677651,0.02242480433185931,-0.012775634100616606,-0.05155867289242036,0.03931959357863582,1322
2015-12-31,pressure|vol,-0.05447628752953171,-0.0106193277188346,-0.015931750022567484,-0.05354254882404444,0.0009337387054872692,1322
2015-12-31,exit_rate|mom,0.08013458623263343,0.10003076350811915,0.06454884627705526,0.052689033772091054,0.01989617727548572,1265
2015-12-31,pressure|adv,-0.05447628752953171,-0.05961774974061751,-0.04147641077141681,-0.025460162159799876,-0.005141462211085801,1322
2015-12-31,pressure|mktcap,-0.05601671308025952,-0.09955647009977737,-0.025572869079028726,-0.03742996411733221,-0.04353975701951786,1280
2015-12-31,pressure|vol_resid,-0.05530300885836874,-0.02714838336006782,0.01995022699794538,-0.06732947049796376,-0.012026461639595018,1279
2015-12-31,pressure_o|vol,-0.030878313557469395,-0.010439920424743065,-0.011406440707781323,-0.017042963949688128,0.013835349607781267,1270
2015-12-31,pressure_o|vol_resid,-0.030822191452400588,-0.035452948081201766,0.032079001623370004,-0.02285458377210428,0.007967607680296307,1229
2016-03-31,new_conv|mktcap,-0.031562329032369385,-0.0596584947789881,-0.043284459830097224,-0.02594286841790397,-0.028096165746618718,1295
2016-03-31,dbreadth|io,-0.027202681397276107,-0.01981378273754486,-0.010389737465677118,-0.057963148942592524,0.007388898659731247,1298
2016-03-31,distress|adv,-0.029036028679333983,-0.017606598510748042,-0.08226210507540044,-0.051807483007718785,0.011429430168585941,1338
2016-03-31,pressure|vol,0.004707776317340456,-0.005963488879650175,0.02109955557384849,-0.022664416798448023,-0.02737219311578848,1338
2016-03-31,exit_rate|mom,0.08358726547791785,0.04655977049282868,0.07826205299644028,0.06952811091192666,-0.03702749498508917,1287
2016-03-31,pressure|adv,0.004707776317340456,0.022596292312062644,-0.008770504740307175,0.0007563018015699363,0.017888515994722187,1338
2016-03-31,pressure|mktcap,0.004060410093927866,0.011809321337945128,0.008292063318336346,-0.02591350843184667,0.007748911244017262,1296
2016-03-31,pressure|vol_resid,0.004392847128424346,0.015973597413248747,0.015804441340664277,0.054149370811152286,0.04975652368272794,1295
2016-03-31,pressure_o|vol,-0.0020665460188857704,-0.003650474605869286,0.0207294931182313,0.0010449428953585305,0.003111488914244301,1288
2016-03-31,pressure_o|vol_resid,-0.0009313945401906998,0.017441151149644785,0.017380769491563863,0.04844510938043958,0.04937650392063028,1247
2016-06-30,new_conv|mktcap,-0.008476213753552737,-0.02238224813578657,-0.028471749437550688,-0.010079284742058077,-0.013906034382233833,1318
2016-06-30,dbreadth|io,-0.054117410112962186,0.031321597763375314,-0.0404431875385976,-0.11069957523932947,0.0854390078763375,1324
2016-06-30,distress|adv,-0.06666758728848211,-0.0197759509932885,0.017447535975080718,-0.016108034347487782,0.04689163629519361,1361
2016-06-30,pressure|vol,0.03354237778536957,0.038871167415912504,0.06761639734715248,0.07061634161263018,0.03707396382726061,1361
2016-06-30,exit_rate|mom,0.0453118421265135,0.0030100315646720555,0.018437821359768923,0.07454872157259713,-0.042301810561841444,1319
2016-06-30,pressure|adv,0.03354237778536957,0.0035086664525001005,0.056840960767940485,-0.05615138725862337,-0.030033711332869473,1361
2016-06-30,pressure|mktcap,0.03237010081569672,0.007160869800273736,0.05615745461082297,-0.007793059297925487,-0.02520923101542298,1319
2016-06-30,pressure|vol_resid,0.03168574531924963,0.04283754556878842,0.038374675231508094,0.08739700514907428,0.05571125982982465,1318
2016-06-30,pressure_o|vol,0.06221609950933797,0.06165524163781176,0.06347536054950727,0.10407180425835924,0.04185570474902127,1322
2016-06-30,pressure_o|vol_resid,0.06475165758810358,0.06288950425280557,0.04795983877197106,0.1286320527796341,0.06388039519153052,1280
2016-09-30,new_conv|mktcap,0.031819463286583555,0.023437202121890127,0.01931393603300849,0.03485805895138984,-0.008382261164693428,1342
2016-09-30,dbreadth|io,0.020275073474512365,0.007024185258885346,0.028584366554609067,0.012734309552758144,-0.013250888215627019,1348
2016-09-30,distress|adv,-0.06502777766722541,-0.03393343867847615,-0.04667241929422729,-0.06392574008137791,0.031094338988749262,1385
2016-09-30,pressure|vol,0.04501004850629259,0.011187347142801007,0.04207317229643927,0.06935570355507767,0.02434565504878508,1385
2016-09-30,exit_rate|mom,-0.00900303896636842,0.0013543816563825473,0.020192032389264578,0.0131322515795525,0.010357420622750968,1348
2016-09-30,pressure|adv,0.04501004850629259,0.021425891062897662,0.018336987347608927,0.047615211817135863,-0.023584157443394926,1385
2016-09-30,pressure|mktcap,0.03985402191948287,0.029151770778873362,0.01634951161388562,0.016955844249379723,-0.010702251140609506,1343
2016-09-30,pressure|vol_resid,0.03985402191948287,0.017479677243431968,0.020480677850342646,0.0382307181235534,-0.0016233037959294677,1342
2016-09-30,pressure_o|vol,0.031320517715455104,0.006398859338605956,0.026863856691584725,0.07830619888352129,0.04698568116806619,1351
2016-09-30,pressure_o|vol_resid,0.029196842306692575,0.013501884408277376,0.024699636678666786,0.057536684411706604,0.02833984210501403,1308
2016-12-31,new_conv|mktcap,-0.01216319662507392,-0.04062735865241624,-0.02557414318339343,-0.014189598869863037,-0.02846416202734232,1363
2016-12-31,dbreadth|io,-0.01178715004484018,-0.03630904926636526,-0.02189164462095269,0.0029704162058277403,-0.02452189922152508,1372
2016-12-31,distress|adv,-0.013225962907195014,-0.0040118911505739145,-0.07049597159645198,0.004144924069765906,0.0092140717566211,1407
2016-12-31,pressure|vol,0.0003894112348007753,-0.0023192834383180955,-0.027773176857149157,-0.012000295349224144,-0.012389706584024919,1407
2016-12-31,exit_rate|mom,0.03830844228724931,0.04492091897985392,0.032383826961586024,0.03802046825318443,0.006612476692604605,1368
2016-12-31,pressure|adv,0.0003894112348007753,-0.02162853010629243,0.002249893584782961,-0.01158527817203759,-0.022017941341093205,1407
2016-12-31,pressure|mktcap,0.001322185873763572,-0.0056722796413860785,-0.015104194481906884,-0.012574021039624402,-0.00699446551514965,1364
2016-12-31,pressure|vol_resid,0.001322185873763572,0.00852756708563436,-0.012597633660664347,-0.00958231015946405,-0.010904496033227622,1363
2016-12-31,pressure_o|vol,0.00129503441690023,0.0019562473664157046,-0.021986263468666705,-0.018897733348463192,-0.020192767765363422,1372
2016-12-31,pressure_o|vol_resid,0.0036912625641329078,0.009008694277828078,-0.0021675656898350187,-0.005396136942284318,-0.009087399506417225,1328
2017-03-31,new_conv|mktcap,0.018682208173130155,0.021037482708008922,0.006677026984740271,-0.007410018294716835,0.0023552745348787672,1379
2017-03-31,dbreadth|io,0.020732340378253618,0.029704862520626034,0.02099018342126821,0.0385210956799352,0.008972522142372416,1384
2017-03-31,distress|adv,0.025192984675339408,0.029524282389854346,0.023356908067084473,0.011458684749423652,0.004331297714514938,1423
2017-03-31,pressure|vol,0.00591840166529199,0.016611239006993857,0.013579762912778442,0.0015942730355128967,-0.0043241286297790935,1423
2017-03-31,exit_rate|mom,-0.012312576139555248,-0.02427364640624588,0.0342559643274101,-0.014178099411502847,-0.011961070266690632,1375
2017-03-31,pressure|adv,0.00591840166529199,-0.020618730667303964,0.04019022003242007,0.030498046532737334,-0.026537132332595956,1423
2017-03-31,pressure|mktcap,0.00396561288221132,-0.013486345942101872,0.03310237145024675,0.04211797312601753,-0.01745195882431319,1380
2017-03-31,pressure|vol_resid,0.005481913242589844,-0.01008051984285101,0.02087380869645863,0.0005074552866607025,-0.004974457955929141,1379
2017-03-31,pressure_o|vol,0.0020531503642669743,0.019779915820311564,0.006213530743078981,-0.018094771200342606,-0.02014792156460958,1380
2017-03-31,pressure_o|vol_resid,0.0017752787672186965,-0.004667172294126103,0.013958375676632105,-0.0016500178976608972,-0.0034252966648795936,1336
2017-06-30,new_conv|mktcap,0.004810773214530814,0.017214278729135557,-0.013547184585332231,0.005726415661105738,0.012403505514604743,1402
2017-06-30,dbreadth|io,0.02771119435878651,0.021943664132908325,0.01816945562649601,0.04424023486835357,-0.005767530225878184,1410
2017-06-30,distress|adv,-0.0321898352573738,0.0192792476076922,-0.003140160696519373,-0.03210000908372223,0.051469082865066004,1447
2017-06-30,pressure|vol,0.022655366616626385,0.01723632303225832,-0.011218505651408861,0.0528302848046492,0.030174918188022815,1447
2017-06-30,exit_rate|mom,0.007404497766389018,0.0584103382857264,-0.032494632443479256,-0.014221559863370176,0.05100584051933738,1398
2017-06-30,pressure|adv,0.022655366616626385,0.021518130119435347,0.04270804718599395,0.003209709191206375,-0.0011372364971910381,1447
2017-06-30,pressure|mktcap,0.023931269012622117,0.048930268148883724,0.011314986181588604,0.006129356836357208,0.024998999136261607,1403
2017-06-30,pressure|vol_resid,0.023871004459447384,0.02550719702395038,0.03391882697432583,0.007395062436195879,-0.016475942023251505,1402
2017-06-30,pressure_o|vol,0.023735761752655113,0.01722232486653008,-0.0007090797526637382,0.06505723206665714,0.04132147031400203,1400
2017-06-30,pressure_o|vol_resid,0.028025803114480635,0.027124083700434606,0.032770021478208795,0.012670575020842526,-0.01535522809363811,1355
2017-09-30,new_conv|mktcap,-0.011932427681165148,-0.009461951364279388,0.02134104593516578,-0.03850102690282807,0.00247047631688576,1415
2017-09-30,dbreadth|io,0.02674682639688704,0.09194649712923975,0.016703566099907467,-0.03057447539203941,0.06519967073235271,1422
2017-09-30,distress|adv,-0.034203427047823386,0.0011804199161582624,-0.010323830924297478,0.0007254914684994979,0.03538384696398165,1460
2017-09-30,pressure|vol,-0.016739821179488287,-0.014239192705837948,-0.004106820128071224,0.0414855582271378,0.05822537940662609,1460
2017-09-30,exit_rate|mom,0.026856333627503462,0.07441252261609238,0.012188555090256403,-0.022484310985020503,0.04755618898858892,1414
2017-09-30,pressure|adv,-0.015750609195467287,-0.02605844672035064,0.012165768838659267,-0.0366377317017951,-0.010307837524883352,1460
2017-09-30,pressure|mktcap,-0.02045265191008478,-0.004092863071157138,-0.020240189871653824,-0.029194822480263387,0.016359788838927643,1416
2017-09-30,pressure|vol_resid,-0.019299271092621507,-0.030347303057808514,0.005221001372011688,0.02384737182375883,0.04314664291638034,1415
2017-09-30,pressure_o|vol,-0.011249787864402616,0.013873053499056626,-0.010074531510592101,0.017996724067852785,0.0292465119322554,1419
2017-09-30,pressure_o|vol_resid,-0.011699492151281868,-0.012703813440540234,0.017795874677075857,-0.004166039315460959,0.0075334528358209085,1374
2017-12-31,new_conv|mktcap,-0.030194791092728247,-0.043300008604785056,-0.0059195082597819845,-0.02831505211690494,-0.013105217512056809,1444
2017-12-31,dbreadth|io,0.009975853792699066,0.05421068200601037,0.001896317372902915,0.0010451505293896657,0.0442348282133113,1449
2017-12-31,distress|adv,-0.0584379880901547,0.03321044438657264,-0.05830830216446769,-0.036514266245179144,0.09164843247672734,1490
2017-12-31,pressure|vol,-0.008080149784928728,0.0006773743020367443,0.014231038876361124,0.009910332133897484,0.017990481918826212,1490
2017-12-31,exit_rate|mom,0.019528064648687955,0.030613051095275345,0.000870789208071078,0.012867167185549769,0.01108498644658739,1443
2017-12-31,pressure|adv,-0.008080149784928728,-0.04425948286781611,-0.003642304519328385,0.020503278433481136,-0.036179333082887385,1490
2017-12-31,pressure|mktcap,-0.0053490890293140525,-0.050946559068243066,0.008326648648778981,0.00868034235890609,-0.045597470038929014,1445
2017-12-31,pressure|vol_resid,-0.008242348685213612,-0.01034826042442294,0.018203595339394467,0.004686410889685466,0.012928759574899078,1444
2017-12-31,pressure_o|vol,0.0003729214044295298,-0.004624999186133998,0.03829675582356179,-0.004720503386007435,-0.005093424790436965,1447
2017-12-31,pressure_o|vol_resid,0.0025528884376102914,-0.00836388295122266,0.0256058860015089,-0.0018153645618542852,-0.004368252999464577,1402
2018-03-31,new_conv|mktcap,0.03820054486960902,0.0888647795281273,0.008182611597431035,0.050742612376145545,0.05066423465851828,1480
2018-03-31,dbreadth|io,0.004598938123122551,-0.005478481887950755,-0.009793998770288914,0.030674697907831866,-0.010077420011073306,1492
2018-03-31,distress|adv,-0.02239511219759418,0.11592177020738738,0.034347278779382415,-0.00560389164910987,0.13831688240498155,1526
2018-03-31,pressure|vol,0.016714213534551214,-0.0018079259896026795,-0.03295194403975957,0.045324028850387124,0.02860981531583591,1526
2018-03-31,exit_rate|mom,0.00870461324092954,0.044340469756848175,-0.013110193683321551,-0.004167506011857287,0.035635856515918635,1468
2018-03-31,pressure|adv,0.016714213534551214,0.0015060557773689531,0.0018075843779500264,0.01419780984735846,-0.015208157757182261,1526
2018-03-31,pressure|mktcap,0.02115131981239597,0.0035860848583409294,0.014246283018615524,-0.04725706372698799,-0.017565234954055042,1481
2018-03-31,pressure|vol_resid,0.02055370735821696,-0.02138172308604224,-0.004581636262093222,0.029827461536472706,0.009273754178255746,1480
2018-03-31,pressure_o|vol,0.013036634079150546,-0.004902976200551475,-0.03799485813946566,-0.007077991569447127,-0.020114625648597673,1474
2018-03-31,pressure_o|vol_resid,0.013934610511234756,-0.026780431966930127,-0.009973705075525877,-0.009913931580192718,-0.023848542091427474,1429
2018-06-30,new_conv|mktcap,0.02821212371360262,0.08932495951683483,-0.01681706259543192,-0.003543470404466939,0.061112835803232214,1515
2018-06-30,dbreadth|io,-0.024295735506755435,-0.06111870462624884,-0.010468477268928258,-0.0030409073149264693,-0.036822969119493405,1529
2018-06-30,distress|adv,-0.01023688426953042,-0.03062788520613778,0.04175698509632096,0.06270939496063482,-0.02039100093660736,1561
2018-06-30,pressure|vol,0.014834163767427404,0.020155299439044976,0.0015299863136428171,0.02660928835764225,0.011775124590214847,1561
2018-06-30,exit_rate|mom,-0.027525697931581508,-0.012107353502638692,-0.079877513487553,-0.03408472236231648,0.015418344428942816,1496
2018-06-30,pressure|adv,0.014834163767427404,0.028767780703928734,0.0018912174728182435,0.011529242324885773,0.01393361693650133,1561
2018-06-30,pressure|mktcap,0.01785367586156144,0.04218070053405985,0.043514856989084194,-0.03606770856753232,0.024327024672498414,1516
2018-06-30,pressure|vol_resid,0.017756331501165852,0.01878979270806971,0.02449985894680165,-1.6308251151730957e-05,-0.017772639752317583,1515
2018-06-30,pressure_o|vol,0.011544039940890281,0.016629756246967813,0.010349324413302968,0.010944608252368898,-0.0005994316885213832,1506
2018-06-30,pressure_o|vol_resid,0.012055000934372402,0.012929463032243044,0.03262350957228648,-0.006356638834752126,-0.01841163976912453,1461
2018-09-30,new_conv|mktcap,0.002973535986539884,-0.011802735231064801,-0.00993249987005116,0.026479346135840395,-0.014776271217604685,1564
2018-09-30,dbreadth|io,0.00580380483894679,-0.021656786361190325,0.011523306706908473,0.007608176824944052,-0.027460591200137115,1575
2018-09-30,distress|adv,-0.013478127077494767,-0.005047670661626619,-0.045214248746770824,-0.028028005257232057,0.008430456415868148,1610
2018-09-30,pressure|vol,0.019434279080395023,-0.004512961879283961,-0.030164700223425343,0.06753787042255091,0.04810359134215589,1610
2018-09-30,exit_rate|mom,0.028292968653824864,0.08829911385695575,-0.007568516278050261,-0.03950819466261515,0.06000614520313089,1534
2018-09-30,pressure|adv,0.019434279080395023,0.046524425582076895,-0.005698086552002518,0.0030664876619368106,0.027090146501681872,1610
2018-09-30,pressure|mktcap,0.02231928001855992,0.03618977614623936,-0.02603504903752705,0.008700261796048825,0.01387049612767944,1565
2018-09-30,pressure|vol_resid,0.022344366388961902,0.002012725957344811,0.017718365169278688,0.06985678883811988,0.04751242244915798,1564
2018-09-30,pressure_o|vol,0.01754335053077566,-0.0011738642550149087,-0.024991236717518572,0.07461914849445692,0.05707579796368126,1540
2018-09-30,pressure_o|vol_resid,0.018176575199283958,0.005831846295590186,0.02355624687136809,0.03852724087941051,0.02035066568012655,1495
2018-12-31,new_conv|mktcap,0.03555901634939106,0.024303234816764788,0.03724775149520214,-0.010733295001345636,-0.011255781532626269,1610
2018-12-31,dbreadth|io,0.017581037025731282,0.028002878544901716,0.015874520733663675,0.05825457771645792,0.010421841519170433,1613
2018-12-31,distress|adv,-0.05680804282133574,-0.04718781613544417,0.004839461496379344,-0.0034733239086574413,0.009620226685891568,1656
2018-12-31,pressure|vol,0.029932531103035204,0.001752100794626378,0.021156433962606587,0.04070644364842367,0.010773912545388467,1656
2018-12-31,exit_rate|mom,0.037203798257570864,0.1119769491734457,-0.0007485047107249204,0.057485976585165695,0.07477315091587483,1568
2018-12-31,pressure|adv,0.029932531103035204,0.05926229829148205,-0.008601608589629932,-0.002691859291990721,0.029329767188446848,1656
2018-12-31,pressure|mktcap,0.03321750482124753,0.02307363947065988,0.04275842554233163,0.03000420396360042,-0.010143865350587651,1611
2018-12-31,pressure|vol_resid,0.035343194112654505,-0.013615299579888739,0.040919947432874,0.04394825475495808,0.008605060642303576,1610
2018-12-31,pressure_o|vol,0.024756554255472983,0.0050935067214459145,0.010593462837087491,0.022704651414098456,-0.002051902841374527,1575
2018-12-31,pressure_o|vol_resid,0.0258594917673192,-0.007993104671298702,0.03529684761869625,0.04100112953993529,0.015141637772616089,1529
2019-03-31,new_conv|mktcap,0.019588920162074953,0.0200298047271132,-0.01102736968290238,0.1000084190103457,0.00044088456503824786,1633
2019-03-31,dbreadth|io,0.07300722214198407,0.024040728675014757,0.06899354675668878,0.11203903158304877,-0.04896649346696932,1641
2019-03-31,distress|adv,0.036725920589001704,-0.07621026411715061,0.05550070197957809,0.0702633738678414,-0.11293618470615231,1680
2019-03-31,pressure|vol,-0.008993307092203355,-0.011712572456332084,0.01899644608424666,0.061585989359802445,0.07057929645200581,1680
2019-03-31,exit_rate|mom,-0.06469510255437139,-0.06131063019115704,-0.05052632333084069,-0.021679129272636787,0.003384472363214347,1601
2019-03-31,pressure|adv,-0.008993307092203355,0.10227275145600015,0.010154059796174963,-0.008955037455498794,0.11126605854820351,1680
2019-03-31,pressure|mktcap,-0.009072503097201451,0.08242896575785341,0.006855388176115654,-0.015119016713720942,0.09150146885505486,1634
2019-03-31,pressure|vol_resid,-0.00867945888539113,-0.014712281598529359,0.039999766622385136,-0.010931704091621586,-0.0022522452062304563,1633
2019-03-31,pressure_o|vol,-0.00508058196357522,-0.007049111102479331,0.03185833108866018,0.0201385675705347,0.02521914953410992,1615
2019-03-31,pressure_o|vol_resid,-0.003377301193643781,-0.009748261611526624,0.052496451125955565,-0.010396555156015681,-0.0070192539623719005,1568
2019-06-30,new_conv|mktcap,0.0002826280293563854,-0.03930631510026743,-0.01769844817348612,0.007729591682107767,-0.03958894312962381,1671
2019-06-30,dbreadth|io,-0.07184943256299109,-0.07641502650627094,-0.06199481638016088,-0.06214226633304466,-0.00456559394327985,1688
2019-06-30,distress|adv,0.032847777761400014,0.06115811156323902,0.024766729442140298,-0.013554131149043858,0.028310333801839005,1718
2019-06-30,pressure|vol,-0.02699395526727691,-0.0158838552759831,-0.056124595774078676,-0.02008868829745767,0.006905266969819239,1718
2019-06-30,exit_rate|mom,0.02168123435543326,0.030804679293550574,-0.022462462386199936,0.014958876249614707,0.009123444938117314,1634
2019-06-30,pressure|adv,-0.02699395526727691,-0.030632482182147355,-0.05726264196324117,-0.03450384245517894,-0.0036385269148704463,1718
2019-06-30,pressure|mktcap,-0.024709195856791696,-0.007651068817211754,-0.048834709068536,-0.047155853746474546,0.017058127039579943,1672
2019-06-30,pressure|vol_resid,-0.025429474296598753,-0.021036998667500598,-0.04362537836548798,-0.02886434355796439,-0.0034348692613656376,1671
2019-06-30,pressure_o|vol,-0.017407816398738896,-0.009094411690218365,-0.0424553088193315,-0.019021470905310436,-0.0016136545065715407,1649
2019-06-30,pressure_o|vol_resid,-0.017297820125709656,-0.020584080999163576,-0.02970831344479226,-0.02171032113828436,-0.004412501012574704,1602
2019-09-30,new_conv|mktcap,0.030607905885784048,0.04283570263822546,0.012999653277228185,-0.009627761733510168,0.012227796752441414,1719
2019-09-30,dbreadth|io,0.045476737279153,-0.03328802629686617,0.04761804814328412,0.06291674979207595,-0.07876476357601916,1725
2019-09-30,distress|adv,-0.07679003785868384,-0.13050151216811534,-0.009102640931887729,-0.004158443996153852,-0.0537114743094315,1766
2019-09-30,pressure|vol,0.0011357059351619764,-0.007009476176794871,-0.04480673780902452,0.014351492269148614,0.013215786333986637,1766
2019-09-30,exit_rate|mom,0.06970385546435773,0.07944924874990247,0.04368965780424901,0.06003933177285091,0.009745393285544746,1687
2019-09-30,pressure|adv,0.0011357059351619764,-0.10675739398601972,0.0211377909640516,0.05486977923037451,-0.10789309992118169,1766
2019-09-30,pressure|mktcap,-0.0016640915815977486,-0.08418386090235638,0.03237485219808141,0.054109122292986575,-0.08251976932075863,1720
2019-09-30,pressure|vol_resid,-0.0006340097421188295,-0.02021405179711937,-0.009380070025036422,0.04906756925807715,0.04970157900019598,1719
2019-09-30,pressure_o|vol,0.00615818064369808,-0.007224188557201701,-0.04309470764423798,0.048299648899183104,0.04214146825548502,1695
2019-09-30,pressure_o|vol_resid,0.006507957933045358,-0.01512432467569557,0.0055703925807438215,0.023126960941224933,0.016619003008179575,1648
2019-12-31,new_conv|mktcap,0.04969503184262211,0.07577153727682721,0.05402061241109554,-0.04526027571423387,0.026076505434205102,1754
2019-12-31,dbreadth|io,0.05195790976014186,-0.04668769042363378,0.1370230363567087,0.06338086401444092,-0.09864560018377563,1758
2019-12-31,distress|adv,-0.1837820875582887,-0.2795624612482096,-0.11733836824414082,-0.03840819958976975,-0.0957803736899209,1801
2019-12-31,pressure|vol,-0.015835716909889413,0.08537242365628009,0.07989057527952462,-0.10796082393026334,-0.09212510702037392,1801
2019-12-31,exit_rate|mom,0.1370343834975768,0.2546008767531719,-0.02805273335654443,0.06786621394025773,0.1175664932555951,1717
2019-12-31,pressure|adv,-0.015835716909889413,-0.12979329470807804,0.055195420033420664,0.029816328463043357,-0.11395757779818863,1801
2019-12-31,pressure|mktcap,-0.021448642030986717,-0.07971341392418009,-0.0021976208762621297,-0.00022114190405095324,-0.05826477189319337,1755
2019-12-31,pressure|vol_resid,-0.021448642030986717,0.08742887030338503,0.030199022178828167,0.0027137962504181837,0.0241624382814049,1754
2019-12-31,pressure_o|vol,-0.007433335532584351,0.09400042681990708,0.10160170980826996,-0.09184856817154217,-0.08441523263895782,1726
2019-12-31,pressure_o|vol_resid,-0.012651514382734638,0.07659523354402362,0.05012402088376533,0.05046158436288639,0.06311309874562103,1679
2020-03-31,new_conv|mktcap,0.02796061278537998,0.08552251523065918,-0.024813695261925783,-0.13115720389818444,0.0575619024452792,1754
2020-03-31,dbreadth|io,0.006347793923406286,0.09326867617142642,0.026517857069923156,-0.13908949468661544,0.08692088224802014,1760
2020-03-31,distress|adv,-0.2692498997862864,-0.26249530884325817,-0.1503867585697818,-0.23169033350588297,0.006754590943028216,1802
2020-03-31,pressure|vol,0.1514381427315411,0.030656976751358672,0.05249290618232688,0.2156983145547905,0.06426017182324939,1802
2020-03-31,exit_rate|mom,0.15814894983302513,0.025151037687328737,0.1436236354142086,0.14135834543833695,-0.1329979121456964,1725
2020-03-31,pressure|adv,0.1514381427315411,0.27246534485335006,0.0375206831493784,0.1170365744685114,0.12102720212180895,1802
2020-03-31,pressure|mktcap,0.15512954343266755,0.2154919175613122,0.015345144965594582,0.17526305313431523,0.06036237412864465,1755
2020-03-31,pressure|vol_resid,0.1548597966723399,0.06291842931758629,0.07155797409494219,0.1955266799181707,0.04066688324583079,1754
2020-03-31,pressure_o|vol,0.15588621581843665,0.027955705733668068,0.07041845651117407,0.08788717799544232,-0.06799903782299432,1729
2020-03-31,pressure_o|vol_resid,0.1620170721664964,0.06371766689523245,0.1003281128592255,0.08296096645748041,-0.079056105709016,1681
2020-06-30,new_conv|mktcap,0.02380751130370448,0.0207840040828879,0.013425045968945032,0.06009733702813784,-0.003023507220816582,1802
2020-06-30,dbreadth|io,-0.0059920777681780335,0.01909738417653911,0.010106484044261857,-0.07097208215677564,0.025089461944717145,1817
2020-06-30,distress|adv,0.017800228520861786,-0.001953503685231839,0.016319308068755353,-0.08434039762899129,-0.019753732206093624,1851
2020-06-30,pressure|vol,0.002380592389170391,0.006825544811576698,-0.028277939458883558,0.007766356165239963,0.0053857637760695715,1851
2020-06-30,exit_rate|mom,0.011136927607078101,0.027164306625480736,0.05302901754729307,-0.03227818440518218,0.016027379018402635,1791
2020-06-30,pressure|adv,0.002380592389170391,-0.014811653143202042,0.029891559770468132,-0.06391840655381378,-0.017192245532372433,1851
2020-06-30,pressure|mktcap,0.001937577101865734,-0.041858244775506245,0.07266137826749439,-0.025118132765764294,-0.04379582187737198,1803
2020-06-30,pressure|vol_resid,0.001937577101865734,-0.009451829892569527,6.54760171222013e-05,-0.02080903504171927,-0.022746612143585004,1802
2020-06-30,pressure_o|vol,0.009059079295164196,0.002457997942558146,-0.018705533669874014,0.05773930205914736,0.048680222763983164,1804
2020-06-30,pressure_o|vol_resid,0.008256880474673628,-0.003774179607882913,0.018203938620533114,0.01979684232330621,0.011539961848632582,1756
2020-09-30,new_conv|mktcap,-0.04450187174416553,0.05065968602210813,-0.07059237108988897,-0.31169375703249996,0.09516155776627366,1846
2020-09-30,dbreadth|io,-0.010423239697497089,0.046125049732651746,-0.016139072833209367,-0.09337511772799023,0.056548289430148835,1862
2020-09-30,distress|adv,-0.33342379706493874,-0.26678839238766533,-0.31447817418861995,-0.20576333826338478,0.06663540467727341,1895
2020-09-30,pressure|vol,0.013060156698984693,-0.04518092529902218,0.028243652282638365,-0.03799515751184923,-0.051055314210833924,1895
2020-09-30,exit_rate|mom,0.44006689619466255,0.48241423642331,0.3169205664111344,0.4608911722807645,0.042347340228647445,1829
2020-09-30,pressure|adv,0.013060156698984693,0.13582846077428107,0.07115909619667313,0.034475026111988105,0.12276830407529638,1895
2020-09-30,pressure|mktcap,0.016881925630952033,0.1821538622421187,0.07700942730828547,0.009039453817681994,0.16527193661116668,1847
2020-09-30,pressure|vol_resid,0.0180198298281814,-0.0799870117298553,0.002155316286461262,-0.09828828869586137,-0.11630811852404277,1846
2020-09-30,pressure_o|vol,0.014700113334398635,-0.0449312699180137,0.040801936608817424,-0.023360913021152285,-0.03806102635555092,1838
2020-09-30,pressure_o|vol_resid,0.019722699065733484,-0.08365016199721118,-0.008596744552490099,-0.06344100884149312,-0.0831637079072266,1790
2020-12-31,new_conv|mktcap,0.06456492166915066,0.05042542127432039,-0.01521082468057176,0.21864277412363345,-0.014139500394830272,1922
2020-12-31,dbreadth|io,-0.03291827410642936,-0.19384460671412426,-0.055039651423317154,-0.009508373681577531,-0.1609263326076949,1941
2020-12-31,distress|adv,0.17974461833742894,0.255653733431884,0.14708597330880835,0.18210777991885949,0.07590911509445508,1971
2020-12-31,pressure|vol,0.016633419869345245,0.009614313019166487,-0.03007546432538609,-0.08919462614680645,-0.1058280460161517,1971
2020-12-31,exit_rate|mom,-0.17002787210669662,-0.17030413689521737,-0.12003184697981131,-0.19222101823897572,-0.000276264788520747,1862
2020-12-31,pressure|adv,0.016633419869345245,-0.1052766418732876,0.015974212101106965,0.17164527118259976,-0.12191006174263284,1971
2020-12-31,pressure|mktcap,0.010640734372065724,-0.05055414281662814,0.0038686902148093033,0.14885376861592378,-0.06119487718869387,1923
2020-12-31,pressure|vol_resid,0.012282897568525492,-0.0036772849175496503,-0.043629426488048996,0.05940281575891583,0.04711991819039034,1922
2020-12-31,pressure_o|vol,0.02999621301065588,0.007158823430998093,-0.0014394353888723815,-0.020042977190226366,-0.050039190200882246,1885
2020-12-31,pressure_o|vol_resid,0.027312853458840405,0.006065910855917567,-0.006935867702839521,0.10597773122811427,0.07866487776927386,1837
2021-03-31,new_conv|mktcap,0.013936086893618641,0.014715940101677948,-0.011869448945720694,0.010795782886439504,0.0007798532080593064,1996
2021-03-31,dbreadth|io,0.041385873099080296,0.035418550034047876,0.05868106500989331,0.008390175609375997,-0.0059673230650324205,2008
2021-03-31,distress|adv,0.029452057059933243,0.004403542155409803,0.01207476475885814,0.017320227330996585,-0.02504851490452344,2045
2021-03-31,pressure|vol,0.0001951829575339986,0.005010605678173338,-0.0270858808565711,0.002581143039757615,0.0023859600822236163,2045
2021-03-31,exit_rate|mom,-0.007933858163522878,-0.057700752116086954,-0.04336769050151478,0.04716863856539746,-0.049766893952564076,1917
2021-03-31,pressure|adv,0.003179845991225845,-0.022915225305442915,0.03299904044877175,0.0030543290710507986,-0.02609507129666876,2045
2021-03-31,pressure|mktcap,0.002737315480796934,-0.005198054892447512,0.018993418796856353,-0.059281680340593085,-0.007935370373244446,1997
2021-03-31,pressure|vol_resid,0.0031994400083642655,0.006697050684510791,-0.023918988327703537,0.005179730919286692,0.001980290910922427,1996
2021-03-31,pressure_o|vol,-0.010074713059349372,-0.011623182523357374,-0.013609958919202008,-0.0202169234669407,-0.010142210407591327,1930
2021-03-31,pressure_o|vol_resid,-0.00454969070632626,-0.003422271353467149,-0.030486947718134826,0.023576303366244396,0.028125994072570656,1881
2021-06-30,new_conv|mktcap,-0.009594429598413765,-0.03356779250152184,-0.021096276443484066,0.046148395276660606,-0.023973362903108072,2080
2021-06-30,dbreadth|io,0.005873938971733175,-0.005959537285117458,-0.0021127801088093867,0.03912357702862599,-0.011833476256850634,2112
2021-06-30,distress|adv,-0.008251018602254162,0.011990322371348935,-0.004274489465963413,-0.05629524541016988,0.020241340973603097,2131
2021-06-30,pressure|vol,-0.019811067803111496,-0.003147995040717229,0.013364436301035773,-0.047157463540744966,-0.02734639573763347,2131
2021-06-30,exit_rate|mom,0.05428352131172964,0.09795144571574427,0.03145357478722803,0.024419959725217294,0.043667924404014624,1969
2021-06-30,pressure|adv,-0.019811067803111496,0.010129254602006518,-0.03811909987531588,0.0008108194763172538,0.029940322405118014,2131
2021-06-30,pressure|mktcap,-0.021195553027733245,0.024326348192042324,-0.008585495171801433,0.0007991617618078525,0.04552190121977557,2081
2021-06-30,pressure|vol_resid,-0.021083065198791322,-0.004413710596265899,-0.04361530209470357,-0.019197810881144542,0.0018852543176467798,2080
2021-06-30,pressure_o|vol,-0.022294416036372187,-0.001426484187199907,0.009233064222319773,-0.057641970077935006,-0.03534755404156282,1984
2021-06-30,pressure_o|vol_resid,-0.023471821675630007,-0.00866658835617088,-0.019628786973332174,-0.04831742336280128,-0.024845601687171273,1934
2021-09-30,new_conv|mktcap,0.09009328993667234,0.1548680439449297,-0.017347961425217412,0.23615936049991848,0.06477475400825736,2207
2021-09-30,dbreadth|io,-0.08144260694271352,-0.05529636784687586,-0.08365457099974055,-0.06423701517126472,0.02614623909583766,2224
2021-09-30,distress|adv,0.17936441244604326,0.09158701562359375,0.2498209143393842,0.27185939021457445,-0.0877773968224495,2258
2021-09-30,pressure|vol,-0.08498385910556058,0.004266631224943543,-0.027632807321613537,-0.1327748462633665,-0.047790987157805914,2258
2021-09-30,exit_rate|mom,-0.19999071143920913,-0.2672079143436733,-0.18010537950325906,-0.15681741835209437,-0.06721720290446417,2037
2021-09-30,pressure|adv,-0.08498385910556058,-0.13340505420196022,-0.06226928737970744,-0.08943028248213593,-0.04842119509639964,2258
2021-09-30,pressure|mktcap,-0.0875645953155364,-0.12220608956384144,-0.06212065095206265,-0.12241016447698269,-0.03464149424830504,2208
2021-09-30,pressure|vol_resid,-0.08760940234354192,-0.023862125780693286,0.007925458990500622,-0.08894421221563537,-0.0013348098720934454,2207
2021-09-30,pressure_o|vol,-0.05914737974332697,0.0031219578726867994,-0.009002507513467109,-0.07620854807482774,-0.017061168331500773,2051
2021-09-30,pressure_o|vol_resid,-0.06349736721786173,-0.02243970686624175,0.022604134546325205,-0.05573845112255793,0.007758916095303797,2001
2021-12-31,new_conv|mktcap,0.042349762079329986,0.021413652383907328,-0.019660587092271628,0.16371673445679635,-0.02093610969542266,2321
2021-12-31,dbreadth|io,0.0670811328010575,0.04967529745685301,0.11422313496555091,0.031379906329923934,-0.017405835344204493,2337
2021-12-31,distress|adv,0.012630950926817847,-0.051776398487756614,0.0006325856369171767,-0.020576653625268893,-0.06440734941457446,2372
2021-12-31,pressure|vol,0.07983876732422282,0.008785801673369426,0.05814573696780245,0.05506650816236347,-0.02477225916185935,2372
2021-12-31,exit_rate|mom,-0.12780899756850433,-0.07111301406210735,-0.06804342502107827,-0.0810365002769812,0.056695983506396985,2121
2021-12-31,pressure|adv,0.07983876732422282,0.029928395944023023,0.031963238542253844,0.13639846129234198,-0.0499103713801998,2372
2021-12-31,pressure|mktcap,0.0754722534973178,-0.01132030621910593,0.09487215959090232,0.13127045388603317,-0.08679255971642373,2322
2021-12-31,pressure|vol_resid,0.07478673646505764,0.00209606026549565,0.027720109410176802,0.10193741040725338,0.027150673942195738,2321
2021-12-31,pressure_o|vol,0.04198801655750818,0.0038145149888742305,-0.005599034202860634,0.024551064687469204,-0.017436951870038978,2137
2021-12-31,pressure_o|vol_resid,0.03627281021697046,-0.009304754493262554,-0.013071402073119423,0.02790464817174068,-0.008368162045229777,2086
2022-03-31,new_conv|mktcap,-0.06272694131861946,-0.10563011402220718,-0.02900653870284066,-0.03568535516944189,-0.04290317270358772,2357
2022-03-31,dbreadth|io,-0.06132271523201428,-0.0898868561164898,-0.09579138710518839,-0.04637835376163789,-0.028564140884475522,2359
2022-03-31,distress|adv,-0.04107032532442151,-0.01151882697200976,-0.002231437573261885,-0.05878605107801814,0.029551498352411748,2412
2022-03-31,pressure|vol,0.019722656301621483,-0.017388381394873018,-0.03042600201346908,-0.06270411312871174,-0.08242676943033322,2412
2022-03-31,exit_rate|mom,0.14968446739660898,0.1145068974064598,0.07490761012342047,0.11155797728656536,-0.03517756999014918,2206
2022-03-31,pressure|adv,0.019722656301621483,-0.09478854641698878,0.0162633930119013,0.04443525563853644,-0.11451120271861026,2412
2022-03-31,pressure|mktcap,0.02181756259595144,-0.1281654087459485,-0.027881310702709064,-0.005138154827635008,-0.14998297134189995,2358
2022-03-31,pressure|vol_resid,0.020541426966653703,0.017522978933915204,-0.03991650854345327,-0.030890236134252264,-0.05143166310090597,2357
2022-03-31,pressure_o|vol,0.0029890046044893648,-0.017156283434271134,-0.030989449484081125,-0.08905888048613708,-0.09204788509062645,2220
2022-03-31,pressure_o|vol_resid,0.001216232348728724,0.01716242190128403,-0.02789197567540684,-0.06084317536368064,-0.062059407712409365,2167
2022-06-30,new_conv|mktcap,0.04743220370395735,0.07809448244333807,-0.026906233062798192,0.15807700149964682,0.030662278739380718,2391
2022-06-30,dbreadth|io,-0.002543111304293161,0.006550747604950502,0.06072411177150558,-0.01243627575572493,0.009093858909243663,2398
2022-06-30,distress|adv,0.1270354474546222,0.0743395997603043,0.10545189984000933,0.012992012723237793,-0.0526958476943179,2446
2022-06-30,pressure|vol,-0.0539287668103368,0.00673288477549578,-0.041752752894277434,-0.003922895166915935,0.050005871643420866,2446
2022-06-30,exit_rate|mom,-0.13839050391173818,-0.0688807976134514,-0.05845506473824036,1.6069037772237227e-05,0.06950970629828679,2294
2022-06-30,pressure|adv,-0.0539287668103368,0.06934409094429807,-0.05731687101501578,-0.04521401458139041,0.12327285775463487,2446
2022-06-30,pressure|mktcap,-0.05342620668972098,0.05933502643319016,-0.13732659387617452,-0.17770761265609092,0.11276123312291114,2392
2022-06-30,pressure|vol_resid,-0.053627947202586485,-0.04455879501940318,-0.04537408278765804,-0.030600613850902986,0.0230273333516835,2391
2022-06-30,pressure_o|vol,-0.022891955059529373,0.0038503044427094027,-0.03916646080558104,-0.008535149546335968,0.014356805513193405,2299
2022-06-30,pressure_o|vol_resid,-0.023076129371687598,-0.03542471226527974,-0.03402821371080485,0.00960758363623293,0.03268371300792053,2246
2022-09-30,new_conv|mktcap,0.024231388387160963,0.04909215491432001,-0.01923439800127931,0.02358684558112069,0.024860766527159045,2412
2022-09-30,dbreadth|io,-0.04827446938851623,-0.15519819700102624,-0.012880215259476746,-0.07686854440066174,-0.10692372761251001,2423
2022-09-30,distress|adv,0.008499927200509905,0.03341089528697088,0.040440731673737434,-0.029384474786466427,0.024910968086460976,2467
2022-09-30,pressure|vol,0.00349578617801162,0.0014222653121716763,0.0004829803415531825,-0.012163379897796062,-0.01565916607580768,2467
2022-09-30,exit_rate|mom,0.07997676331688468,0.08999937060985051,0.025967323575218776,0.012892596929903879,0.010022607292965835,2356
2022-09-30,pressure|adv,0.00349578617801162,0.019908446564483734,-0.0362414373133355,0.022619131132976707,0.016412660386472114,2467
2022-09-30,pressure|mktcap,0.0034841939882649248,-0.011446586572080336,0.03275054290780968,0.00603639371285658,-0.014930780560345261,2413
2022-09-30,pressure|vol_resid,0.0036893979311417857,0.01479442327948953,-0.05186710988193102,0.01079916728233346,0.007109769351191675,2412
2022-09-30,pressure_o|vol,-0.0007121062119998106,0.001919816195958747,0.0004672603376390527,-0.05946754699489368,-0.05875544078289387,2372
2022-09-30,pressure_o|vol_resid,-0.001727119561662438,0.0112902172845884,-0.04833537488218036,-0.018214243728614757,-0.01648712416695232,2319
2022-12-31,new_conv|mktcap,0.07049970660795624,0.0660918644365474,0.029077296028865204,0.1366113384036052,-0.004407842171408841,2509
2022-12-31,dbreadth|io,-0.017098049503963625,0.03505918410403179,-0.03370664742403952,0.010648396102806629,0.052157233607995415,2508
2022-12-31,distress|adv,0.09162276805643559,0.10149744355959209,0.07485923335924743,0.09555238156863431,0.009874675503156502,2566
2022-12-31,pressure|vol,-0.02384522984319736,-0.06884409390180404,-0.007573589938872111,-0.0005398961041263098,0.023305333739071052,2566
2022-12-31,exit_rate|mom,0.0056200231992811905,-0.005959399220304362,-0.021030571466578142,0.013269655341558342,-0.011579422419585553,2441
2022-12-31,pressure|adv,-0.02384522984319736,-0.024534076340928752,-0.0001409087954231114,-0.06014742757903313,-0.0006888464977313907,2566
2022-12-31,pressure|mktcap,-0.023999488237064492,-0.011209555667095725,-0.016246557846491108,-0.058411321224594144,0.012789932569968767,2510
2022-12-31,pressure|vol_resid,-0.023999488237064492,-0.04549404465486697,-0.02806979163410572,0.013818199890289831,0.037817688127354324,2509
2022-12-31,pressure_o|vol,-0.026418660031166954,-0.06047614115904699,0.0059865543253077025,-0.03048167212838951,-0.004063012097222554,2503
2022-12-31,pressure_o|vol_resid,-0.025477680985624855,-0.03972831851465689,-0.02395140106152436,0.00310595417868767,0.028583635164312525,2448
2023-03-31,new_conv|mktcap,0.019511099134743692,-0.005902520487662946,0.023601459443673423,0.07391613593064178,-0.02541361962240664,2512
2023-03-31,dbreadth|io,0.014766385615814961,-0.012590645214080654,0.04487030458664111,0.010360670684652504,-0.027357030829895615,2510
2023-03-31,distress|adv,0.027315142555003447,0.057417655804573524,-0.003923041809605163,-0.08053941485449945,0.030102513249570077,2571
2023-03-31,pressure|vol,0.010687806717380094,0.039377832731441784,-0.03159950928664912,-0.00898060056174238,-0.019668407279122474,2571
2023-03-31,exit_rate|mom,0.015205196122009601,-0.045239437681505915,0.041805812540085883,0.0019478882528488478,-0.060444633803515516,2502
2023-03-31,pressure|adv,0.010687806717380094,0.0037681299491995196,-0.013986807054576875,0.07307227351360669,-0.006919676768180574,2571
2023-03-31,pressure|mktcap,0.009361115183812913,-0.018185188712958114,0.0028511916091236017,-0.0002880553280188644,-0.027546303896771027,2513
2023-03-31,pressure|vol_resid,0.009361115183812913,0.02755501715144678,-0.045167557611562104,0.00902064867623871,-0.0003404665075742025,2512
2023-03-31,pressure_o|vol,-0.0171575065656078,0.020693958485546275,-0.054796646372851573,-0.0413741562004766,-0.024216649634868803,2514
2023-03-31,pressure_o|vol_resid,-0.019717112965612585,0.010326851306447601,-0.046643173091181836,-0.026177074505962267,-0.006459961540349682,2458
2023-06-30,new_conv|mktcap,0.05199849292025936,0.05808235648979636,-0.018718316409540282,0.1928262466789244,0.006083863569536996,2531
2023-06-30,dbreadth|io,0.02894200006319774,-0.06121702113524133,0.05198937993839033,0.04619789848532736,-0.09015902119843908,2523
2023-06-30,distress|adv,0.1279163582838908,0.1663688527913142,0.1081668499583764,0.06585996847429204,0.038452494507423385,2590
2023-06-30,pressure|vol,0.01621347521340121,-0.015259787774121174,-0.009055270244937123,0.1562486342876698,0.14003515907426858,2590
2023-06-30,exit_rate|mom,-0.08810015913753817,0.047567575107324137,-0.025018199745873257,-0.10393791713888723,0.1356677342448623,2533
2023-06-30,pressure|adv,0.01621347521340121,0.13661373992406126,-0.06618200043204797,-0.02224754304761683,0.12040026471066004,2590
2023-06-30,pressure|mktcap,0.016020646277541045,0.12884804568203878,-0.05949352274641298,-0.036110918926417004,0.11282739940449774,2532
2023-06-30,pressure|vol_resid,0.017087855329282406,-0.019693675433758155,-0.030954351997990653,0.18088592194618436,0.16379806661690194,2531
2023-06-30,pressure_o|vol,0.019993044704192775,-0.010520402089732036,-0.005238816516045158,0.14451224040010474,0.12451919569591197,2544
2023-06-30,pressure_o|vol_resid,0.018622697480080934,-0.0157998186401193,-0.04881435408287956,0.19172219957758282,0.17309950209750188,2488
2023-09-30,new_conv|mktcap,0.040775419326632784,0.08529886889293675,0.008808231746466375,0.010191514829544404,0.04452344956630397,2511
2023-09-30,dbreadth|io,0.017709828718242365,0.027038839119421038,0.013039416465765008,-0.03237270866545158,0.009329010401178672,2515
2023-09-30,distress|adv,-0.04603106104360878,-0.005829115744874519,-0.02220154963644172,-0.04891926981256524,0.04020194529873426,2570
2023-09-30,pressure|vol,0.04665933329975691,0.021837648465549087,0.02313125661999295,0.05553495335960168,0.008875620059844769,2570
2023-09-30,exit_rate|mom,0.06284157535556648,-0.012485724781454849,0.10672034311801921,0.09788521058305844,-0.07532730013702132,2517
2023-09-30,pressure|adv,0.04665933329975691,0.09868132853564221,0.027466525543187265,0.02814290075071843,0.0520219952358853,2570
2023-09-30,pressure|mktcap,0.047263366013469754,0.11902743356509937,-0.010371945451721126,0.046329552007626604,0.07176406755162962,2512
2023-09-30,pressure|vol_resid,0.04791334309484255,-0.037650610148448435,0.021114420516874066,0.062050549551883105,0.014137206457040558,2511
2023-09-30,pressure_o|vol,0.038192882610277035,0.023752007573557415,0.01126231577792712,0.04482936680094213,0.006636484190665093,2532
2023-09-30,pressure_o|vol_resid,0.03856300462361373,-0.033993991641569576,0.014476779170777387,0.06122969629040126,0.02266669166678753,2475
2023-12-31,new_conv|mktcap,0.05859593655968703,0.10174174696200579,0.008605261202749015,0.12171562912418503,0.04314581040231876,2560
2023-12-31,dbreadth|io,-0.006269753737880676,-0.05173347919610555,0.016271962178346477,0.024931872644814126,-0.04546372545822487,2548
2023-12-31,distress|adv,-0.014236575223305084,0.03752277240661636,-0.00663345768134755,-0.015335753255930673,0.051759347629921446,2619
2023-12-31,pressure|vol,-0.009679789060817415,-0.027922494148469965,0.05048587364996654,-0.034489708305036726,-0.02480991924421931,2619
2023-12-31,exit_rate|mom,0.016294283317437402,-0.021961413301789287,0.015624394966762933,-0.03976051470040984,-0.03825569661922669,2560
2023-12-31,pressure|adv,-0.009679789060817415,-0.0549637122531899,-0.006162544737864609,0.02280123806490552,-0.04528392319237248,2619
2023-12-31,pressure|mktcap,-0.009143603447928098,-0.03395402281229601,0.02540082907120223,0.014176708484100665,-0.02481041936436791,2561
2023-12-31,pressure|vol_resid,-0.008873187316838449,0.010318128734148384,-0.02617453814288792,0.008437751612619608,0.017310938929458057,2560
2023-12-31,pressure_o|vol,-0.008305286309044951,-0.026057874554928778,0.050759659266928034,-0.03502777174715935,-0.026722485438114396,2571
2023-12-31,pressure_o|vol_resid,-0.010455800351022601,0.0006162584313502487,-0.019533284285189634,-0.008678810484768366,0.0017769898662542347,2512
2024-03-31,new_conv|mktcap,0.01898356189674277,0.01576267093691747,-0.025077248708781752,0.15444776966763832,-0.0032208909598252997,2581
2024-03-31,dbreadth|io,0.040398348916033555,0.05068347313747795,0.05883619176377655,0.018657284023366562,0.010285124221444397,2564
2024-03-31,distress|adv,0.08132918808123228,0.0510285669211078,0.019685452221774143,0.06421156359639049,-0.030300621160124483,2640
2024-03-31,pressure|vol,-0.022901133611285863,-0.003720820465597477,0.0009499769915455223,-0.06625313586839701,-0.04335200225711115,2640
2024-03-31,exit_rate|mom,-0.10143729466505448,-0.08445921148816818,-0.10560261761635265,-0.08052064339010648,0.016978083176886302,2572
2024-03-31,pressure|adv,-0.022901133611285863,-0.04067745564077538,-0.01971490412729727,-0.04548679669779669,-0.017776322029489516,2640
2024-03-31,pressure|mktcap,-0.01985807400157066,-0.06974825216306635,0.015149545725362226,-0.12370508509785233,-0.049890178161495685,2582
2024-03-31,pressure|vol_resid,-0.019666167658370575,0.022122483085004196,-0.028766290365260357,-0.023432218682625752,-0.003766051024255177,2581
2024-03-31,pressure_o|vol,-0.023554772906414168,0.0005692052095590018,-0.004056873047040988,-0.06053953571658896,-0.03698476281017479,2586
2024-03-31,pressure_o|vol_resid,-0.022669353167761138,0.018328307775122003,-0.03613662402858615,-0.03006598111404593,-0.007396627946284793,2527
2024-06-30,new_conv|mktcap,0.031232105817542544,-0.013806462495535424,0.020149377001711433,0.11662135434643184,-0.04503856831307797,2566
2024-06-30,dbreadth|io,0.012640995118703438,0.062089291000233915,0.018940365962940853,0.016141561441048738,0.04944829588153048,2558
2024-06-30,distress|adv,0.007293982244021752,0.03696140036903345,-0.02809512166040752,-0.011795103875563179,0.029667418125011696,2626
2024-06-30,pressure|vol,-0.008972149996807371,-0.004496174615290505,-0.013440186711341756,0.006591075600143784,0.015563225596951155,2626
2024-06-30,exit_rate|mom,0.04416363849879931,0.10764691185258302,0.03093327139811551,0.0347184913568698,0.0634832733537837,2551
2024-06-30,pressure|adv,-0.008972149996807371,-0.04462412595684638,0.048079343630165805,-0.01291951298266543,-0.03565197596003901,2626
2024-06-30,pressure|mktcap,-0.006131408923406467,-0.028057318037168433,0.03317257516873871,-0.0521067056621306,-0.021925909113761965,2567
2024-06-30,pressure|vol_resid,-0.006439167396785808,-0.009541740260263568,-0.011008816130716928,0.010417367320581877,0.016856534717367685,2566
2024-06-30,pressure_o|vol,0.004415467278059651,0.002859483541285457,-0.007292034583612328,0.027852970356664467,0.023437503078604816,2562
2024-06-30,pressure_o|vol_resid,0.005604316444717136,-0.01004318937872302,-0.015685982225674577,0.03320068214819645,0.027596365703479314,2502
2024-09-30,new_conv|mktcap,0.04973246834359888,0.17693409154227105,-0.012852874567803497,-0.09104115815173039,0.12720162319867218,2595
2024-09-30,dbreadth|io,-0.024586255717240588,-0.06565318400095556,0.050465553834001774,-0.050562528673883715,-0.04106692828371497,2591
2024-09-30,distress|adv,-0.25856334254740054,-0.44398811791919846,-0.1636384141160088,-0.009224535321446015,-0.1854247753717979,2655
2024-09-30,pressure|vol,0.11221373338667037,-0.012000810472669264,0.04910941848335134,0.23034740313389712,0.11813366974722675,2655
2024-09-30,exit_rate|mom,0.06897997223073839,0.009266672855303193,0.0951631033593405,0.03933219410893775,-0.059713299375435194,2564
2024-09-30,pressure|adv,0.11221373338667037,0.15451467545571887,0.10277477936964041,0.037312057029936035,0.0423009420690485,2655
2024-09-30,pressure|mktcap,0.10840019091751515,0.15456577176257688,0.10025966548500462,0.125606474673457,0.04616558084506173,2596
2024-09-30,pressure|vol_resid,0.1088259588703224,0.0729689483048993,0.03266365843619412,0.2647098929384401,0.1558839340681177,2595
2024-09-30,pressure_o|vol,0.11695417791080293,-0.01145725490298342,0.04761143197005479,0.2631187735587561,0.1461645956479532,2583
2024-09-30,pressure_o|vol_resid,0.11270438286152212,0.06781306539534729,0.030645429478445743,0.2225394340058586,0.10983505114433648,2523
2024-12-31,new_conv|mktcap,0.061046319121273424,0.016955716962481944,0.027591961211519994,0.08220359079706928,-0.04409060215879148,2680
2024-12-31,dbreadth|io,0.025455840874137638,0.04542030253046367,0.026828390258124613,0.0024409488319602005,0.01996446165632603,2684
2024-12-31,distress|adv,0.06098935099891453,-0.025800858080598107,-0.03772581816285427,0.03828010992563266,-0.08679020907951264,2741
2024-12-31,pressure|vol,-0.012925337046924557,0.008999123738853448,-0.008233073012274744,-0.008380378083193946,0.004544958963730611,2741
2024-12-31,exit_rate|mom,-0.07082595784029844,-0.005681298880647334,-0.055661073054004674,-0.08584692273985331,0.0651446589596511,2619
2024-12-31,pressure|adv,-0.012925337046924557,-0.02687052867909208,-0.009653306153496327,0.012569361312457216,-0.013945191632167522,2741
2024-12-31,pressure|mktcap,-0.011718275264645528,-0.026812604105818746,0.018186015189353477,-0.0022575435429940637,-0.015094328841173218,2681
2024-12-31,pressure|vol_resid,-0.01140065163634403,0.006070604533241469,-0.01534227419577927,0.001179556361417533,0.012580207997761564,2680
2024-12-31,pressure_o|vol,-0.017725051263391897,0.006306800075431399,-0.002081411967313665,-0.016453944218353805,0.0012711070450380918,2638
2024-12-31,pressure_o|vol_resid,-0.01536792769371051,-0.002352112496672141,-0.02055046541060239,0.006730954744508549,0.02209888243821906,2577
2025-03-31,new_conv|mktcap,0.0209947506935471,0.04555474499393142,-0.018068182724523194,-0.008132518144191858,0.024559994300384316,2675
2025-03-31,dbreadth|io,-0.017110239468828253,0.025495353839699114,-0.036706938774995056,-0.01509253540418029,0.04260559330852737,2672
2025-03-31,distress|adv,-0.06913400438315018,0.005818422485448421,-0.023151173853487902,-0.05813077471658949,0.0749524268685986,2736
2025-03-31,pressure|vol,0.09748644374411675,0.039253643237413996,-0.009290944851789024,0.0274172374449701,-0.07006920629914665,2736
2025-03-31,exit_rate|mom,0.08530390566537474,0.055312323611335534,0.06411609150150722,0.05179010737426504,-0.029991582054039206,2618
2025-03-31,pressure|adv,0.09748644374411675,0.005964147175676976,0.068487408048709,0.13382210182501927,-0.09152229656843977,2736
2025-03-31,pressure|mktcap,0.0981866020570477,0.03592919377005738,0.03546790701801428,0.052157199961592744,-0.06225740828699032,2675
2025-03-31,pressure|vol_resid,0.0981866020570477,0.058049475077261596,0.12071689121289605,0.04177671047816797,-0.056409891578879726,2675
2025-03-31,pressure_o|vol,0.06885315356263824,0.040905783880509715,-0.0019298446105440459,0.009210643653409956,-0.059642509909228286,2628
2025-03-31,pressure_o|vol_resid,0.07017837680014478,0.05913692454705343,0.09286913512521147,0.03231256490457446,-0.037865811895570325,2568
2025-06-30,new_conv|mktcap,0.0529857461984683,0.06644823602488438,0.03422303399767561,0.08185704588987716,0.013462489826416082,2730
2025-06-30,dbreadth|io,-0.05516182794872364,-0.17754852942837643,0.009353397747987342,0.007743923371219402,-0.12238670147965279,2748
2025-06-30,distress|adv,-0.028703462277803654,0.04492162191115799,0.04862929353019702,0.025782352471337634,0.07362508418896165,2790
2025-06-30,pressure|vol,0.02018702179795108,-0.014000794249180552,0.007922372318507107,0.035178715075581735,0.014991693277630655,2790
2025-06-30,exit_rate|mom,0.0888961005758091,0.15644518290774503,0.05973324132853788,0.05152371728887868,0.06754908233193593,2674
2025-06-30,pressure|adv,0.02018702179795108,0.054911348188660225,0.004845884640347423,-0.034551937539737135,0.034724326390709145,2790
2025-06-30,pressure|mktcap,0.023634438346030004,0.03644173472501663,-0.004910154158443342,-0.0007364441996310176,0.01280729637898663,2730
2025-06-30,pressure|vol_resid,0.023634438346030004,-0.009568086057181914,0.101141142023566,-0.011004389971437767,-0.03463882831746777,2730
2025-06-30,pressure_o|vol,0.020165488993995492,-0.009876898146415715,0.005899107186273421,0.06280697536456983,0.04264148637057434,2684
2025-06-30,pressure_o|vol_resid,0.019243062388800483,-0.011191349914189326,0.10122227229033202,0.025116428834057847,0.005873366445257364,2625
2025-09-30,new_conv|mktcap,-0.07206652457557033,-0.08078078327579695,-0.002577802952873076,-0.13582895271853535,-0.008714258700226615,2786
2025-09-30,dbreadth|io,0.03773027896281487,0.06304661592594443,0.018485286657674925,0.02666255806573,0.025316336963129564,2804
2025-09-30,distress|adv,0.07446032086094784,0.1730432461594125,0.04181457845031364,0.0007307039699721712,0.09858292529846466,2846
2025-09-30,pressure|vol,0.005784421301380571,0.04414698543938008,0.02637578380189036,-0.006355334351804021,-0.012139755653184592,2846
2025-09-30,exit_rate|mom,-0.0679347727569043,-0.1600103014888328,-0.10540358730706563,-0.07878934210933809,-0.09207552873192851,2701
2025-09-30,pressure|adv,0.005784421301380571,-0.018832598031204573,-0.025710547738740222,0.02666318246588492,-0.024617019332585144,2846
2025-09-30,pressure|mktcap,0.00803777327562942,-0.015255500334976635,-0.01444881682702144,-0.03409995838784087,-0.023293273610606055,2786
2025-09-30,pressure|vol_resid,0.00803777327562942,0.01849108496762815,0.0027461067776493875,-0.013374984171776336,-0.021412757447405756,2786
2025-09-30,pressure_o|vol,-0.009294181984391275,0.03856383502675081,-0.009791861682921094,-0.17578006478539387,-0.1664858828010026,2710
2025-09-30,pressure_o|vol_resid,-0.018368887573082374,0.021831811381864505,-0.0377951876591409,-0.03689702384923675,-0.018528136276154378,2651
2025-12-31,new_conv|mktcap,-0.010383248885172482,-0.022169315854716105,-0.04769925978529426,0.05053875572965373,-0.011786066969543624,2757
2025-12-31,dbreadth|io,0.060881349922751474,0.03480885062580606,0.042301480594288884,0.10330087776613717,-0.02607249929694541,2780
2025-12-31,distress|adv,0.04197923657681644,0.18248338908127706,-0.025364627523749825,-0.05639406759898022,0.14050415250446063,2817
2025-12-31,pressure|vol,-0.03826734500928751,0.0192973050411701,-0.08948732710891621,-0.0012554045249562606,0.03701194048433125,2817
2025-12-31,exit_rate|mom,0.09110015152824136,0.1408064059863615,0.08623039278682415,0.029389729147217852,0.04970625445812013,2678
2025-12-31,pressure|adv,-0.03826734500928751,-0.02673713664519567,-0.027939268725899705,0.017479850302124598,0.01153020836409184,2817
2025-12-31,pressure|mktcap,-0.03834765778777061,-0.03267758981847312,-0.04721283958175553,0.03326555096499893,0.00567006796929749,2757
2025-12-31,pressure|vol_resid,-0.03834765778777061,-0.0293998593038421,-0.09944957902636188,0.01142739997767217,0.04977505776544278,2757
2025-12-31,pressure_o|vol,-0.038417412825989504,0.01817961868488615,-0.09372069545145131,-0.024922326282502058,0.013495086543487446,2676
2025-12-31,pressure_o|vol_resid,-0.03950187909395961,-0.034941432967705424,-0.08686158818325414,-0.020410210651281985,0.019091668442677623,2617
