date,ret,n
2020-08-28,0.06865433600715584,1
2020-08-31,0.01767386285933715,7
2020-09-01,-0.02608268142047566,11
2020-09-02,-0.01486999763174774,11
2020-09-03,0.004407852813650624,12
2020-09-04,-0.0007830900087924101,13
2020-09-08,-0.016384957271868943,8
2020-09-09,-0.014306093367248838,7
2020-09-10,0.013895287266125968,8
2020-09-11,-0.011573686540446602,12
2020-09-14,0.061524855938321625,11
2020-09-15,0.003400333189090407,11
2020-09-16,0.05901619560605457,9
2020-09-17,0.012177395642644813,8
2020-09-18,-0.004809234644406517,4
2020-09-21,-0.021756748298860235,4
2020-09-22,0.00495650935223259,3
2020-09-23,0.005080615779737929,2
2020-09-24,-0.007175633590813285,3
2020-09-25,0.00044831408040348157,6
2020-09-28,-0.018778973292715977,7
2020-09-29,0.0028911340227372215,14
2020-09-30,-0.009988713686814968,21
2020-10-01,0.005292149752286366,21
2020-10-02,-0.000671793211990145,18
2020-10-05,0.021819532042726544,19
2020-10-06,0.01715087013644636,12
2020-10-07,0.0015674450394940482,9
2020-10-08,0.015382786576775082,11
2020-10-09,-0.020041675402819484,12
2020-10-12,-0.026203596795804196,10
2020-10-13,0.020340078614503175,10
2020-10-14,0.025398505880127743,7
2020-10-15,0.023933249673561766,6
2020-10-16,0.0014303794600864842,7
2020-10-19,0.05783100670698338,8
2020-10-20,-0.009735947906687484,12
2020-10-21,-0.009501209560279934,11
2020-10-22,0.0072237602552213025,9
2020-10-23,0.007765756118863348,9
2020-10-26,-0.009437855050365348,11
2020-10-27,0.008572166546269975,9
2020-10-28,-0.011062910584297375,15
2020-10-29,-0.005670611105649252,16
2020-10-30,-0.02326051814545998,16
2020-11-02,0.011357093424809823,17
2020-11-03,0.00030531862636221086,16
2020-11-04,-0.023722884293898412,15
2020-11-05,0.0010431618510047997,15
2020-11-06,-0.017912676856732073,15
2020-11-09,0.047778977148323194,12
2020-11-10,0.014738965997758013,17
2020-11-11,-0.015302040577269096,16
2020-11-12,-0.0014647969007735753,19
2020-11-13,-0.0025803719720798365,19
2020-11-16,0.0030712903157219195,18
2020-11-17,0.01687964258432487,12
2020-11-18,0.008492252612056085,12
2020-11-19,0.005766356239356361,8
2020-11-20,-0.002307631281857469,5
2020-11-23,0.0376344163475651,4
2020-11-24,0.09640002008915163,4
2020-12-01,-0.011137288902283405,1
2020-12-02,0.010538899964517935,2
2020-12-03,-0.004125108394919366,3
2020-12-04,0.021994731536256806,3
2020-12-07,0.04185600860653585,4
2020-12-08,0.01724098232639313,4
2020-12-09,-0.06652849566121992,7
2020-12-10,-0.006707690589204936,6
2020-12-11,0.03799142708472186,7
2020-12-14,0.03813522005766351,10
2020-12-15,-0.014871954842455003,11
2020-12-16,-0.01720699781498615,9
2020-12-17,0.009043745872326503,10
2020-12-18,-0.00786752859069002,10
2020-12-21,0.029038072932918036,8
2020-12-22,-0.004029768174787501,8
2020-12-23,-0.0018521479743109416,11
2020-12-24,-0.022919158557616875,14
2020-12-28,-0.03531354251015062,15
2020-12-29,-0.0005627044768109719,15
2020-12-30,-0.013962478940739709,14
2020-12-31,-0.0412572241300861,12
2021-01-04,0.011968384469758024,9
2021-01-05,0.020032064520087784,13
2021-01-06,0.013714412340214581,11
2021-01-07,0.008634049082861042,12
2021-01-08,0.008135037474640934,16
2021-01-11,0.0131258180207127,17
2021-01-12,0.03716494034632117,11
2021-01-13,0.022112841264684473,15
2021-01-14,0.024948508162135324,13
2021-01-15,-0.005542976084299374,11
2021-01-19,0.03830841218337006,9
2021-01-20,0.0036739758288524774,9
2021-01-21,-0.00831187246846312,5
2021-01-22,0.025386024732825488,6
2021-01-25,0.006042896499070469,3
2021-01-26,-0.026400815217947002,6
2021-01-27,-0.03120405606006182,8
2021-01-28,-0.00020666538033172616,8
2021-01-29,0.011058119108660497,12
2021-02-01,0.05877411278370133,13
2021-02-02,0.017072467629525225,13
2021-02-03,-0.008769735671316847,13
2021-02-04,0.02424995440764366,13
2021-02-05,0.01861800769938613,10
2021-02-08,0.04183181412014621,7
2021-02-09,0.026688266530982163,4
2021-02-10,-0.01460035448801117,3
2021-02-11,-0.005681087123272553,4
2021-02-12,0.0483773951488162,2
2021-02-16,0.0006940693810772239,2
2021-02-17,0.0026180346977186116,3
2021-02-18,-0.03544612597863234,4
2021-02-19,0.061811284967600855,3
2021-02-22,-0.043309845173151416,3
2021-02-23,-0.04383770327712213,3
2021-02-24,0.02799781346991701,2
2021-03-02,-0.031004235156973436,5
2021-03-03,0.02186380054793235,6
2021-03-04,-0.012407191284539891,7
2021-03-05,-0.036465129659253,9
2021-03-08,-0.025580920485902745,14
2021-03-09,0.031335254658969316,11
2021-03-10,-0.012519134192269498,20
2021-03-11,0.051144503070851666,24
2021-03-12,-0.021581324082536848,28
2021-03-15,0.0149757869865809,24
2021-03-16,-0.01545468545393483,24
2021-03-17,0.0033572438002839947,14
2021-03-18,-0.015926473710950306,10
2021-03-19,0.021956877018649325,4
2021-03-22,0.004355747664058963,10
2021-03-23,-0.00403605533902595,8
2021-03-24,-0.022705899262868697,9
2021-03-25,-0.004342014113599995,9
2021-03-26,-0.021671405080026702,20
2021-03-29,-0.03327188632583885,14
2021-03-30,0.025465846418631602,17
2021-03-31,0.03656767751297319,31
2021-04-01,0.0008313925046828422,42
2021-04-05,-0.012342144607085657,33
2021-04-06,0.001976138531126979,34
2021-04-07,-0.01895562543492482,32
2021-04-08,-0.003916040998376621,17
2021-04-09,-0.031164122884846216,6
2021-04-12,-0.02250654065778491,5
2021-04-13,0.019587765559054893,7
2021-04-14,0.01453151193700622,11
2021-04-15,-0.00045049157174283046,14
2021-04-16,-0.03582271484310658,15
2021-04-19,-0.015272453440151063,15
2021-04-20,0.009570791828915426,12
2021-04-21,0.015683170710794926,8
2021-04-22,0.023841977670117732,11
2021-04-23,0.015363468317309609,12
2021-04-26,0.03132729829666707,15
2021-04-27,0.00860983737892021,15
2021-04-28,0.008440304242183647,14
2021-04-29,-0.01817152278901444,8
2021-04-30,-0.021115791012454997,5
2021-05-03,0.03820612502215112,2
2021-05-04,-0.011778139442511255,3
2021-05-05,0.02774088685228022,5
2021-05-06,-0.033462691209332526,12
2021-05-07,0.027768519212953514,16
2021-05-10,-0.0451545588267604,27
2021-05-11,0.0362043390504703,26
2021-05-12,-0.0010360950519535499,39
2021-05-13,-0.02879413582241033,33
2021-05-14,0.021601690598932227,34
2021-05-17,0.005256960453954675,28
2021-05-18,0.02759258309296671,29
2021-05-19,-0.030394463913462684,18
2021-05-20,0.011932055273672887,17
2021-05-21,-0.0066228254799904586,12
2021-05-24,0.00047409793420242347,6
2021-05-25,0.0022980011435040143,4
2021-06-01,0.027616875650989116,2
2021-06-02,-0.021786863226326662,4
2021-06-03,0.0004975821938094441,4
2021-06-04,-0.03572482345998581,4
2021-06-07,0.027399295091413485,4
2021-06-08,-0.03630092882557759,2
2021-06-11,0.012335605341086553,1
2021-06-14,-0.004770631773150424,1
2021-06-15,0.009683959951196397,1
2021-06-16,0.0015194377178515462,1
2021-06-17,-0.015481136380753014,5
2021-06-18,-0.0033423525882340975,5
2021-06-21,-0.009133396514631124,8
2021-06-22,-0.012385207910910188,11
2021-06-23,0.02390339184818273,12
2021-06-24,0.01109007577356681,13
2021-06-25,-0.014590148601087937,15
2021-06-28,-0.00427412858040456,15
2021-06-29,-0.011532459922480386,15
2021-06-30,0.021113633723515667,15
2021-07-01,0.0055032780079893664,12
2021-07-02,-0.025472220354142816,15
2021-07-06,-0.021288057090068018,13
2021-07-07,-0.02452104022953949,11
2021-07-08,0.013179781900420072,12
2021-07-09,0.006309845319139165,12
2021-07-12,0.005837831734618323,12
2021-07-13,-0.017141725369005528,14
2021-07-14,-0.046628751106854556,13
2021-07-15,-0.005341941327979396,12
2021-07-16,-0.001618454945593792,12
2021-07-19,0.0011411458258889118,10
2021-07-20,0.01661767035474879,11
2021-07-21,0.0032126603348039554,18
2021-07-22,-0.029011211002706993,20
2021-07-23,-0.020631514305374188,18
2021-07-26,-0.007160131753924791,14
2021-07-27,-0.021578136330328047,10
2021-07-28,0.029096584308567333,6
2021-07-29,-0.014562228980395048,22
2021-07-30,-0.018178103979101894,27
2021-08-02,0.007663716902659091,29
2021-08-03,-0.008933829309021516,34
2021-08-04,-0.010442717806863993,33
2021-08-05,0.016971987392100388,15
2021-08-06,-0.005506107002708314,17
2021-08-09,0.007795844899573758,16
2021-08-10,-0.022766430602026058,13
2021-08-11,-0.011432736235079309,11
2021-08-12,0.024053807400034165,12
2021-08-13,-0.023113238835700538,5
2021-08-16,-0.062050806899665224,5
2021-08-17,0.03167672572067165,3
2021-08-18,0.01817537237342352,7
2021-08-19,-0.013806360822618258,5
2021-08-20,0.03290539944292472,5
2021-08-23,0.012533749160218967,4
2021-08-24,-0.015682627279439386,4
2021-09-01,-0.0016679853385547449,1
2021-09-02,-0.01793145903213199,3
2021-09-03,-0.025361838047345066,3
2021-09-07,0.02228119346646052,4
2021-09-08,-0.02877597321729255,5
2021-09-09,0.020848064204819695,4
2021-09-10,-0.003967645928906771,4
2021-09-13,0.0034869056781384753,5
2021-09-14,-0.019272211016563963,7
2021-09-15,-0.018622041899263565,10
2021-09-16,0.03650714392197219,14
2021-09-17,-0.012581819629983589,13
2021-09-20,-0.030550569424435483,13
2021-09-21,-0.005998670508405698,11
2021-09-22,-0.005040900574049955,9
2021-09-23,0.010884738271113716,5
2021-09-24,-0.018080589436252868,8
2021-09-27,0.019582811008700303,7
2021-09-28,-0.010741711786982364,7
2021-09-29,-0.031640680674602,5
2021-09-30,0.0004453812832395286,7
2021-10-01,-0.009948847565131345,7
2021-10-04,-0.006935808472182635,10
2021-10-05,-0.01546788673334772,11
2021-10-06,-0.015033490373722896,16
2021-10-07,-0.012154754493231092,16
2021-10-08,-0.0010952508192776439,15
2021-10-11,0.019394457208943918,16
2021-10-12,0.0022715840101750484,16
2021-10-13,0.019336012748495515,16
2021-10-14,0.00554622258621739,16
2021-10-15,-0.0038271100484928273,13
2021-10-18,-0.013432875643984502,10
2021-10-19,0.004851218570927694,9
2021-10-20,-0.013262190369961332,12
2021-10-21,-0.0003675331121558758,13
2021-10-22,-0.010776313510011215,23
2021-10-25,0.005210374879593415,26
2021-10-26,0.00022369737736145415,30
2021-10-27,-0.031615083606418286,23
2021-10-28,0.025483045601206296,20
2021-10-29,0.01961926184624823,14
2021-11-01,0.011590836014419568,11
2021-11-02,-0.014757752257291312,7
2021-11-03,0.02384998961856785,7
2021-11-04,-0.007961972353905411,11
2021-11-05,-0.020407401299352434,10
2021-11-08,-0.004102909513259086,9
2021-11-09,-0.004318977880991247,11
2021-11-10,-0.015682453205538852,12
2021-11-11,-0.0028372157260316945,10
2021-11-12,-0.019468480934039096,14
2021-11-15,-0.013604085186529582,15
2021-11-16,-0.0022104696156909237,17
2021-11-17,-0.013532053597134629,17
2021-11-18,-0.02215385262924896,17
2021-11-19,-0.008719518896530587,10
2021-11-22,-0.010847215907115345,9
2021-11-23,0.008604502386506037,4
2021-11-24,0.0694761228919075,2
2021-12-01,-0.021731230057273898,11
2021-12-02,0.018371538859318238,13
2021-12-03,-0.027464831344500517,19
2021-12-06,-9.69739274129156e-05,22
2021-12-07,0.04352330905500643,33
2021-12-08,0.003166335341677425,30
2021-12-09,-0.030921285232977627,37
2021-12-10,-0.019840977310685827,31
2021-12-13,-0.008903349340731607,30
2021-12-14,-0.011236838473476417,24
2021-12-15,0.03178922444001124,19
2021-12-16,-0.021850919022276743,16
2021-12-17,0.06598638164988872,20
2021-12-20,-0.007331717524155026,28
2021-12-21,0.022318082461384618,24
2021-12-22,-0.010636987167619334,25
2021-12-23,0.005921093184106839,21
2021-12-27,-0.021439266036485077,20
2021-12-28,-0.025506218149465833,11
2021-12-29,-0.016029104096068787,16
2021-12-30,0.02710062609748659,18
2021-12-31,0.01082493385273505,21
2022-01-03,0.035482484735943905,21
2022-01-04,-0.03590279175250709,24
2022-01-05,-0.047111028583159104,18
2022-01-06,-0.015170243995973854,12
2022-01-07,-0.012829478666371366,12
2022-01-10,-0.024558361636803305,12
2022-01-11,0.0163938300377321,21
2022-01-12,-0.03832501394903801,39
2022-01-13,-0.02688690103197285,43
2022-01-14,-0.004190753627530203,39
2022-01-18,-0.03909955554160144,42
2022-01-19,-0.006949109026878911,33
2022-01-20,-0.0012687174297961303,26
2022-01-21,-0.02200019717247086,32
2022-01-24,0.03251849425582262,33
2022-01-25,-0.02225017573396003,32
2022-01-26,-0.0231871891506965,31
2022-01-27,-0.03396980076961647,24
2022-01-28,0.00571044933269349,15
2022-01-31,0.05794113145225797,20
2022-02-01,0.018712795686052594,29
2022-02-02,-0.05387449457513772,31
2022-02-03,-0.03225944914177997,27
2022-02-04,0.030245573526129648,28
2022-02-07,0.012962499018635427,24
2022-02-08,-0.017731830560334002,12
2022-02-09,0.020159481292757228,11
2022-02-10,-0.0070584363663473045,21
2022-02-11,-0.019025051015817925,20
2022-02-14,0.008203910507804986,17
2022-02-15,0.040845654017272824,15
2022-02-16,-0.013084473930329724,16
2022-02-17,-0.024758755905461085,6
2022-02-18,-0.010933916018398968,5
2022-02-22,-0.002139619160357119,5
2022-02-23,-0.0070786386439050985,5
2022-03-02,-0.051817572817929064,2
2022-03-03,-0.024056570646487644,3
2022-03-04,-0.024151157761304696,7
2022-03-07,-0.0038192434854872957,12
2022-03-08,0.02486160524338642,22
2022-03-09,0.02980299566647199,46
2022-03-10,-0.025345140493006745,62
2022-03-11,-0.03195912667592421,59
2022-03-14,-0.05312250688096359,54
2022-03-15,0.02421373967895241,46
2022-03-16,0.08656505359665591,24
2022-03-17,0.053843660584893246,19
2022-03-18,0.047675502269514475,24
2022-03-21,-0.011963350318067473,28
2022-03-22,0.025325783690021218,29
2022-03-23,-0.0012915940655264743,25
2022-03-24,0.005883817548946198,14
2022-03-25,-0.03224481848535981,8
2022-03-28,-0.01149150234004006,4
2022-03-29,0.03961549576052831,7
2022-03-30,-0.028473261279212465,18
2022-03-31,0.0033152653865436213,20
2022-04-01,0.004286614140692435,24
2022-04-04,0.020451581925855594,25
2022-04-05,-0.032546322515490604,19
2022-04-06,-0.03108392015735717,9
2022-04-07,-0.0001043641328721057,8
2022-04-08,-0.04656903206404989,6
2022-04-11,-0.024545040454569116,5
2022-04-12,0.010748613747599695,16
2022-04-13,0.028118453764879384,27
2022-04-14,-0.007370566480715688,34
2022-04-18,-0.03470066659374321,34
2022-04-19,0.02337735019757252,35
2022-04-20,-0.015376539883208484,30
2022-04-21,-0.028288366895913245,22
2022-04-22,0.0112991301447965,15
2022-04-25,0.017252276695853858,29
2022-04-26,-0.025224215937986027,39
2022-04-27,-0.01132564130849977,37
2022-04-28,0.0017709412205390996,39
2022-04-29,0.002249661507963609,46
2022-05-02,0.0023560681917977823,35
2022-05-03,0.018547800369279117,28
2022-05-04,-0.013999706052798417,27
2022-05-05,-0.033054521206203495,24
2022-05-06,-0.02908405922504613,19
2022-05-09,-0.0737876720878528,17
2022-05-10,0.011332511179643717,15
2022-05-11,-0.06136844871646615,24
2022-05-12,0.04923234760061323,25
2022-05-13,0.05710800239657681,32
2022-05-16,-0.024111599593055925,45
2022-05-17,0.02459215269518154,47
2022-05-18,-0.011725828101664374,45
2022-05-19,0.04618934016083778,47
2022-05-20,-0.0005804910111514986,36
2022-05-23,-0.017342564123208913,20
2022-05-24,-0.04714478836600888,16
2022-05-25,0.01457521093277408,6
2022-06-01,0.016422275796895498,3
2022-06-02,0.08256846901505539,6
2022-06-03,0.006986096537938871,14
2022-06-06,-0.05037676600675389,19
2022-06-07,0.044051557520246455,19
2022-06-08,0.017180608511674147,26
2022-06-09,0.002622373843620325,25
2022-06-10,7.965473141248785e-05,17
2022-06-13,-0.03507052179945144,12
2022-06-14,-0.006079562370645715,12
2022-06-15,0.026141828732491563,8
2022-06-16,-0.046415446175511445,14
2022-06-17,0.04582466133927665,16
2022-06-21,0.0007229712294601876,26
2022-06-22,0.010885807381883232,31
2022-06-23,0.039852271079655395,28
2022-06-24,0.010513712534824336,22
2022-06-27,0.0009457214741369227,25
2022-06-28,-0.0008341472385738008,17
2022-06-29,-0.025774334092486036,14
2022-06-30,0.004628781575672634,12
2022-07-01,-0.004578528958045943,15
2022-07-05,0.035072646273360826,15
2022-07-06,-0.004188073018428318,21
2022-07-07,0.023712272206364307,20
2022-07-08,-0.018946792946758707,24
2022-07-11,-0.04669035598852878,20
2022-07-12,0.00833987627955854,15
2022-07-13,-0.004711425789145573,7
2022-07-14,0.0013392821160913234,10
2022-07-15,-0.020132450048534725,6
2022-07-18,0.013625765729549655,10
2022-07-19,0.01722809795943927,16
2022-07-20,0.05210732769460321,20
2022-07-21,0.006126227859017819,26
2022-07-22,-0.06942116351409079,28
2022-07-25,0.011738398496188079,23
2022-07-26,0.000599849315691612,18
2022-07-27,-0.012350826972119786,16
2022-07-28,-0.02231805812213886,11
2022-07-29,0.024063445640984078,12
2022-08-01,-0.014156619680787304,16
2022-08-02,0.038467398035964225,20
2022-08-03,0.03376105953948147,26
2022-08-04,0.05651566272745281,28
2022-08-05,0.014318710066422689,28
2022-08-08,0.020606729061002242,31
2022-08-09,0.009528228659486377,28
2022-08-10,0.01173630595234349,21
2022-08-11,0.01933131116460022,18
2022-08-12,0.004618758301393889,15
2022-08-15,-0.005770461477603439,9
2022-08-16,0.0023340661560522285,9
2022-08-17,-0.014663850128865985,10
2022-08-18,0.006489655604223577,6
2022-08-19,-0.01837713302537545,5
2022-08-22,-0.012768024921717129,4
2022-08-23,0.04170643342219468,2
2022-08-30,-0.06699989429844824,1
2022-08-31,-0.004639196212579932,1
2022-09-01,0.03319826272447444,2
2022-09-02,-0.005763151646789814,3
2022-09-06,-0.06476270697435194,4
2022-09-07,0.007613399066812776,4
2022-09-08,0.013388277045690273,7
2022-09-09,0.03453870276022139,13
2022-09-12,0.021679629509600392,19
2022-09-13,-0.009691356929884602,18
2022-09-14,-0.010644590035623312,18
2022-09-15,0.004153948232494228,15
2022-09-16,-0.01980950128094755,10
2022-09-19,-0.02039509747545775,4
2022-09-20,0.0013479867724666857,6
2022-09-21,0.08380869810688797,6
2022-09-22,-0.02736217290407435,12
2022-09-23,0.005945844407409045,12
2022-09-26,-0.002105923605840361,14
2022-09-27,0.02036316253559791,15
2022-09-28,0.004271829715842192,17
2022-09-29,-0.009945112500260558,14
2022-09-30,0.030395825134575956,13
2022-10-03,0.006394035167658904,11
2022-10-04,0.0012366916361366445,10
2022-10-05,-0.018435213208197354,7
2022-10-06,-0.019789480640180244,5
2022-10-07,0.005615716855340298,4
2022-10-10,-0.021340001065082853,3
2022-10-11,0.014343916142644608,2
2022-10-12,-0.0020571364710749935,6
2022-10-13,-0.0022501149399345157,9
2022-10-14,-0.008461984256083771,11
2022-10-17,0.015582320476868609,17
2022-10-18,0.00952473512865378,31
2022-10-19,-0.03092829417783913,31
2022-10-20,0.014064846239364071,29
2022-10-21,-0.007337364266405658,33
2022-10-24,-0.023097228834733207,30
2022-10-25,0.03264558856060365,18
2022-10-26,-0.001725195141832879,23
2022-10-27,0.009945776236250566,25
2022-10-28,-0.022122099115419343,22
2022-10-31,0.008956462227306887,22
2022-11-01,0.017407159865406897,22
2022-11-02,-0.004973756057501434,14
2022-11-03,-0.004094043889513388,10
2022-11-04,-0.044522588552517985,10
2022-11-07,-0.010324314239382567,8
2022-11-08,-0.01185229963177773,11
2022-11-09,-0.03741130254724864,19
2022-11-10,0.08184277732880423,23
2022-11-11,0.057666994899275986,32
2022-11-14,-0.015370962864160514,42
2022-11-15,0.0198833147263568,39
2022-11-16,-0.03164226583094923,33
2022-11-17,-0.02390162620373194,29
2022-11-18,-0.014107112465870174,17
2022-11-21,0.020283493728522593,6
2022-11-22,-0.013280509152283985,3
2022-12-01,-0.011387722594916239,2
2022-12-02,0.006238429735003379,3
2022-12-05,-0.0080782892057057,6
2022-12-06,-0.026250686547362522,6
2022-12-07,-0.03357921957925177,9
2022-12-08,0.012617617736151155,10
2022-12-09,-0.0097356722715783,15
2022-12-12,0.024564368877438205,19
2022-12-13,-0.0022720668367224627,25
2022-12-14,0.027396746116248025,27
2022-12-15,0.013911896209970812,28
2022-12-16,-0.012184048943811759,23
2022-12-19,-0.027510874338506314,18
2022-12-20,0.00011165537725040381,15
2022-12-21,-0.014938347418751032,11
2022-12-22,0.005194152223176121,12
2022-12-23,0.008397475407288685,12
2022-12-27,-0.026014009505992888,13
2022-12-28,-0.00507786367473909,11
2022-12-29,0.040951505440113715,13
2022-12-30,0.003798697309426906,12
2023-01-03,0.004224596584287913,13
2023-01-04,0.020293926068739386,13
2023-01-05,-0.014367919964979764,15
2023-01-06,-0.009233307033658022,12
2023-01-09,0.05847117208631222,8
2023-01-10,0.01568767604565402,10
2023-01-11,0.004479494187758509,16
2023-01-12,0.038714289326819,15
2023-01-13,-0.004589981171789206,22
2023-01-17,0.01759423934283338,24
2023-01-18,0.005925030040800887,23
2023-01-19,-0.013971919321307274,14
2023-01-20,0.006911257524297253,12
2023-01-23,0.0144292115331631,11
2023-01-24,0.008378467661538068,13
2023-01-25,0.006003731854803288,14
2023-01-26,-0.020624687241384516,17
2023-01-27,-0.002296241385972601,17
2023-01-30,-0.010792046514427094,17
2023-01-31,0.004076885264373792,14
2023-02-01,0.0018477647528937005,12
2023-02-02,-0.001430165763967831,14
2023-02-03,0.011332405586538953,16
2023-02-06,-0.008083490182292812,11
2023-02-07,-0.021250955630526005,14
2023-02-08,-0.0032545324763226607,16
2023-02-09,0.00551311291976188,14
2023-02-10,0.003323497519493939,17
2023-02-13,-0.002477452442814167,22
2023-02-14,0.025152952005483786,24
2023-02-15,0.01695010468989124,28
2023-02-16,-0.004576365564796515,33
2023-02-17,0.0025290642849273076,28
2023-02-21,-0.03458390317286543,22
2023-02-22,-0.007877660572605355,16
2023-02-23,-0.002796164598142449,8
2023-03-01,-0.02518166116963289,6
2023-03-02,-0.0186286354523712,7
2023-03-03,-0.008865590415270415,11
2023-03-06,-0.01705963311121706,19
2023-03-07,-0.01762567092306852,23
2023-03-08,-0.0037646704250982616,22
2023-03-09,-0.033691739387532296,29
2023-03-10,-0.02813785670779027,28
2023-03-13,-0.010967545557912907,22
2023-03-14,-0.004177608384983703,31
2023-03-15,-0.004140956547572171,33
2023-03-16,-0.0006278095316352092,37
2023-03-17,-0.033806319691326935,43
2023-03-20,-0.016880841873857487,45
2023-03-21,-0.0020814692298770972,38
2023-03-22,0.012848151998466057,40
2023-03-23,-0.012646183274624556,30
2023-03-24,0.0034211815048435378,29
2023-03-27,0.007804332207817192,31
2023-03-28,-0.003934349122313309,28
2023-03-29,0.013515310648613495,20
2023-03-30,-0.026267436143351787,25
2023-03-31,0.005101849312824441,17
2023-04-03,0.010948160969914054,17
2023-04-04,-0.029593376466955236,17
2023-04-05,-0.0032372292259302826,18
2023-04-06,0.011561093070052444,14
2023-04-10,-0.009804585198619329,21
2023-04-11,0.018955571996109706,21
2023-04-12,0.007939151805160916,20
2023-04-13,-0.0021282493160986534,21
2023-04-14,-0.01584766079145996,23
2023-04-17,0.043531374551115165,17
2023-04-18,-0.010723248763893618,15
2023-04-19,0.027520422851727826,13
2023-04-20,-0.007740293899181675,13
2023-04-21,0.013734049734407113,9
2023-04-24,-0.0016953964754230345,13
2023-04-25,-0.026020933534301804,11
2023-04-26,-0.014598232223383962,14
2023-04-27,-0.029784000743449588,15
2023-04-28,0.017184798202777612,17
2023-05-01,0.00711812756266852,19
2023-05-02,-0.01064741895725812,19
2023-05-03,0.0006374940770289272,18
2023-05-04,0.007453603040467544,17
2023-05-05,-0.007153883957922186,16
2023-05-08,0.011880553798539377,12
2023-05-09,0.009873157235788677,13
2023-05-10,0.01858107586709483,13
2023-05-11,-0.006510310717922358,14
2023-05-12,0.022946589865478435,14
2023-05-15,-0.0032055256622008366,13
2023-05-16,0.0003389487293966685,11
2023-05-17,0.008361506492010362,12
2023-05-18,-0.008499823407629486,13
2023-05-19,0.008716453558423458,11
2023-05-22,0.04334445312216945,9
2023-05-23,0.01066189948679256,8
2023-05-24,-0.0177148747823836,5
2023-05-31,0.05351025683892272,1
2023-06-01,0.009423687611226392,14
2023-06-02,0.0437534916119385,26
2023-06-05,0.012147899522185415,38
2023-06-06,0.025526349792453013,43
2023-06-07,0.015367851437701651,49
2023-06-08,-0.010605929237119232,37
2023-06-09,-0.01895117745408776,25
2023-06-12,0.0032544838113736903,16
2023-06-13,-0.00025119229635945555,19
2023-06-14,-0.02479292469021461,17
2023-06-15,-0.0012946335935387267,17
2023-06-16,-0.010935713805821971,22
2023-06-20,0.006852683950192685,27
2023-06-21,-0.011471880727967636,28
2023-06-22,-0.0017375024377194975,27
2023-06-23,-0.0015958716132402398,33
2023-06-26,-0.01625294799530972,35
2023-06-27,-0.0103608985748608,34
2023-06-28,0.020690186239502237,33
2023-06-29,-0.0033289656547527686,49
2023-06-30,0.004744505878876487,51
2023-07-03,0.013153567508954297,51
2023-07-05,0.0019131257209056781,57
2023-07-06,-0.023877873121859263,55
2023-07-07,-0.011369991436339872,37
2023-07-10,0.015447059347029399,35
2023-07-11,0.011861573023914338,38
2023-07-12,0.014072681685805366,30
2023-07-13,-0.0008104777597996572,32
2023-07-14,-0.003995390938343936,34
2023-07-17,0.010819417350963699,31
2023-07-18,0.009170190286687085,25
2023-07-19,-0.009190589635812561,27
2023-07-20,-0.015127218528966254,21
2023-07-21,-0.00036035227536201236,19
2023-07-24,-0.023231761955892362,15
2023-07-25,-0.035900551048120684,13
2023-07-26,0.012903457055043576,9
2023-07-27,-0.024436183885552815,12
2023-07-28,0.00011822224016249134,13
2023-07-31,0.02745115236025022,28
2023-08-01,-0.005867060775959693,41
2023-08-02,-0.007284902967349441,38
2023-08-03,0.0015842113888840346,37
2023-08-04,0.005561337462348443,36
2023-08-07,-0.037896055943393556,22
2023-08-08,-0.03161847288895049,8
2023-08-09,-0.00011759786359657478,20
2023-08-10,0.008195386430568172,29
2023-08-11,0.01189967149836271,30
2023-08-14,-0.005910920286708936,38
2023-08-15,-0.003071658961110714,47
2023-08-16,-0.018750763995002816,39
2023-08-17,0.00875385291809167,28
2023-08-18,-0.007867536164888363,25
2023-08-21,-0.00485960335010658,16
2023-08-22,0.00017169301508558726,6
2023-08-23,-0.00909251930447471,2
2023-08-29,0.03182631072590637,3
2023-08-30,-0.01594951975986008,5
2023-08-31,-0.010977117364344185,7
2023-09-01,-0.011130926336493076,9
2023-09-05,-0.030155089257665812,16
2023-09-06,-0.0029807734548586164,19
2023-09-07,0.003351730028122426,23
2023-09-08,-0.00772273663241172,26
2023-09-11,-0.003217540915955723,27
2023-09-12,0.0050246112097380325,25
2023-09-13,-0.005717524112323371,22
2023-09-14,0.011924179814752203,21
2023-09-15,0.02161575110663765,19
2023-09-18,-0.03495834287359667,28
2023-09-19,0.005301942093644869,24
2023-09-20,0.010646674796782973,23
2023-09-21,0.016762126945140052,27
2023-09-22,-0.013413949741580092,32
2023-09-25,-0.010307233389427961,25
2023-09-26,0.03609734782676075,29
2023-09-27,-0.027876043741777674,35
2023-09-28,-0.00389299820804363,34
2023-09-29,-0.014957822171735682,33
2023-10-02,-0.027769148824812035,37
2023-10-03,-0.0030670977405583195,34
2023-10-04,-0.018884181029849505,32
2023-10-05,0.001544724945118106,32
2023-10-06,0.01344944955598697,35
2023-10-09,-0.017906598501593866,34
2023-10-10,0.017361909341929643,34
2023-10-11,-0.029348282327395704,35
2023-10-12,-0.01082211133960773,28
2023-10-13,2.4667824638600958e-05,24
2023-10-16,0.003591484332102358,29
2023-10-17,0.006829378247696362,41
2023-10-18,-0.0053799463644048275,44
2023-10-19,-0.0286185625644872,47
2023-10-20,-0.002219379617205573,44
2023-10-23,-0.019174517207725218,37
2023-10-24,0.007510091543643997,28
2023-10-25,0.017875542396723218,26
2023-10-26,0.013785472940871051,33
2023-10-27,-0.0031919516995849257,35
2023-10-30,0.019249446692132504,32
2023-10-31,0.007851817611729947,39
2023-11-01,-0.030770296615626493,38
2023-11-02,0.02535074019630939,29
2023-11-03,0.04914473778385203,29
2023-11-06,-0.019186407880518695,37
2023-11-07,-0.0024964380338192566,26
2023-11-08,0.010549771041476459,27
2023-11-09,-0.03293315953431412,35
2023-11-10,-0.030773548702377383,34
2023-11-13,0.006091847392994944,30
2023-11-14,0.02661068533825397,45
2023-11-15,-0.00030103939513884023,54
2023-11-16,-0.007576910368633241,51
2023-11-17,0.004604691548973123,47
2023-11-20,-0.007731908997162149,40
2023-11-21,0.010879491500453508,24
2023-11-22,0.06187711540335445,7
2023-11-29,-0.0013573086798790088,2
2023-11-30,0.03452161556498963,6
2023-12-01,0.026328225202121,6
2023-12-04,0.0162872357765801,9
2023-12-05,-0.005831023483585527,9
2023-12-06,0.007874668635990121,7
2023-12-07,0.0017450420847446833,6
2023-12-08,-0.011082742333826107,8
2023-12-11,-0.012974177189889188,8
2023-12-12,-0.035101739993618014,15
2023-12-13,0.039643224256105905,21
2023-12-14,0.01855144640604108,28
2023-12-15,-0.007578375406567035,28
2023-12-18,-0.006833037109207366,27
2023-12-19,0.022169355917056585,24
2023-12-20,-0.021810548932847347,18
2023-12-21,0.02633378360144989,10
2023-12-22,0.05212648325551786,13
2023-12-26,0.021149788492125544,13
2023-12-27,0.005531133265514575,11
2023-12-28,-0.010937592481909246,12
2023-12-29,-0.0019720995690307706,10
2024-01-02,0.013550466762919,5
2024-01-03,-0.00502260532717274,4
2024-01-04,-0.006665027018044819,3
2024-01-05,0.01882247128417752,7
2024-01-08,0.010978997863112685,11
2024-01-09,-0.012867969615527983,21
2024-01-10,0.012151681989140434,22
2024-01-11,-0.024189912106310867,24
2024-01-12,-0.017824841622487656,22
2024-01-16,-0.025541094725395164,24
2024-01-17,-0.004710493378368658,17
2024-01-18,0.017806128208753255,18
2024-01-19,-0.014945462427742239,19
2024-01-22,0.04557096014781054,24
2024-01-23,-0.003550528888866493,29
2024-01-24,-0.007187886279374682,31
2024-01-25,0.029710818024890038,29
2024-01-26,0.017134922221327474,30
2024-01-29,0.044660584764660116,25
2024-01-30,-0.027267273616478585,19
2024-01-31,-0.009230468934679643,14
2024-02-01,-0.007893095954093043,15
2024-02-02,-0.006932390467237418,14
2024-02-05,0.015734312769816135,12
2024-02-06,0.07399337412175368,9
2024-02-07,-0.016527176505609042,19
2024-02-08,0.008192698035202964,18
2024-02-09,0.027280696809226946,21
2024-02-12,0.032188353269050375,25
2024-02-13,-0.04372127190031742,24
2024-02-14,0.02385945237322021,14
2024-02-15,0.019109208967415657,19
2024-02-16,0.0035929921634990612,12
2024-02-20,0.006376034538316726,7
2024-02-21,-0.018255106638777666,6
2024-02-22,-0.047720477553387874,6
2024-02-28,-0.028759420748460208,5
2024-02-29,-0.0022734212884771045,12
2024-03-01,-0.007588141560915864,16
2024-03-04,-0.017113630108959516,17
2024-03-05,0.00516856679614822,18
2024-03-06,0.021116249255915372,17
2024-03-07,0.0005797737003916694,13
2024-03-08,-0.0005225249350203246,11
2024-03-11,-0.00849184258266422,13
2024-03-12,-0.03016470714881194,17
2024-03-13,0.042029224696758447,18
2024-03-14,-0.03749163824772247,25
2024-03-15,0.054981942759247546,28
2024-03-18,-0.014554031772793475,38
2024-03-19,0.01425370349390999,37
2024-03-20,0.008777448868392778,47
2024-03-21,-0.01031919317901203,43
2024-03-22,-0.0008727154294256139,45
2024-03-25,-0.018441764286153867,37
2024-03-26,-0.009026627822512241,43
2024-03-27,0.010270200737066457,31
2024-03-28,0.02489850445470686,29
2024-04-01,0.0009820061831753726,30
2024-04-02,-0.015243209835480661,27
2024-04-03,-0.010328589239567356,18
2024-04-04,0.0037581616617923907,18
2024-04-05,-0.01078029040926114,19
2024-04-08,0.017435769024961887,12
2024-04-09,-0.0017518373028856111,20
2024-04-10,-0.026206948249467666,30
2024-04-11,0.026252654749147838,30
2024-04-12,-0.01798073054371723,32
2024-04-15,-0.039114180554332426,42
2024-04-16,-0.021229764534362882,38
2024-04-17,-0.027651464966609675,35
2024-04-18,0.008715562293786939,36
2024-04-19,0.02286044907256159,39
2024-04-22,0.010908696973373254,45
2024-04-23,-0.009689280086155713,52
2024-04-24,-0.018049262724578484,46
2024-04-25,-0.006257690109093925,48
2024-04-26,0.010464538206882057,40
2024-04-29,0.019309558654734275,31
2024-04-30,0.0025149128229190972,29
2024-05-01,0.05232828395165647,31
2024-05-02,0.007400336987730041,32
2024-05-03,0.010543400172161379,30
2024-05-06,-0.010610718531518322,23
2024-05-07,0.0029571977555316775,13
2024-05-08,-0.004636144889375423,14
2024-05-09,0.008233615492448576,12
2024-05-10,-0.01589318108596539,17
2024-05-13,-0.015051563018009063,21
2024-05-14,0.013375212955881611,30
2024-05-15,-0.011359315458138172,37
2024-05-16,-0.0069959765073414224,37
2024-05-17,-0.008238133607868467,36
2024-05-20,0.0038071571583150198,31
2024-05-21,-0.03863849463751351,21
2024-05-22,-0.00491061215920237,9
2024-05-23,-0.028447402134372766,4
2024-05-30,-0.003892437834069694,10
2024-05-31,-0.005510127988448518,22
2024-06-03,0.0036476866834700716,26
2024-06-04,-0.02275227854656799,29
2024-06-05,-0.0015414437376790391,30
2024-06-06,-0.0076729353920115635,29
2024-06-07,-0.0027331170863790825,23
2024-06-10,0.008786452351226971,25
2024-06-11,-0.002025173788459101,26
2024-06-12,0.005056251088209383,30
2024-06-13,-0.019110978632911942,26
2024-06-14,-0.03203980827906284,23
2024-06-17,-0.029145278566880126,18
2024-06-18,-0.03022946417091628,19
2024-06-20,-0.008207419831409735,21
2024-06-21,0.006219072664212288,28
2024-06-24,0.0035518865746495916,46
2024-06-25,-0.025970362040153985,56
2024-06-26,-0.021230326776212026,53
2024-06-27,0.016527081825222778,58
2024-06-28,0.012842690911052364,57
2024-07-01,0.02761008828194881,40
2024-07-02,-0.037420792367005684,39
2024-07-03,0.00503953925564613,41
2024-07-05,-0.015174505744227774,38
2024-07-08,0.01651636250518461,32
2024-07-09,0.026122953713511154,32
2024-07-10,0.009036607589879463,23
2024-07-11,0.056650470927682134,22
2024-07-12,0.018483698498960054,18
2024-07-15,0.00045282828292563155,15
2024-07-16,0.02927515905967186,11
2024-07-17,-0.002188692743081445,12
2024-07-18,-0.025386272193490787,9
2024-07-19,0.002686277512524849,4
2024-07-22,0.024522133583405527,4
2024-07-23,0.015543882290585724,8
2024-07-24,0.021560027460022516,9
2024-07-25,0.021191660331133993,9
2024-07-26,-0.003986901038804168,15
2024-07-29,-0.004297332680660663,16
2024-07-30,-0.013447630780198927,14
2024-07-31,-0.002247827475767641,14
2024-08-01,-0.021810601714280724,17
2024-08-02,-0.015246821774882626,13
2024-08-05,0.008262637961349092,21
2024-08-06,0.01321916269948914,26
2024-08-07,-0.02949956864800319,36
2024-08-08,0.02202020958145943,42
2024-08-09,-0.010605451465401483,55
2024-08-12,-0.0035512812821744924,48
2024-08-13,0.021828220109780947,50
2024-08-14,-0.025758772530094783,51
2024-08-15,0.024065276343760413,45
2024-08-16,-0.007101978457834662,39
2024-08-19,0.033655371350972595,35
2024-08-20,-0.0031842111626564926,26
2024-08-21,0.02061359663034745,12
2024-08-22,-0.008187047818457518,9
2024-08-30,0.0014878394285542335,7
2024-09-03,-0.011580277323551914,8
2024-09-04,-0.01857993532907273,12
2024-09-05,0.0028297056750013023,22
2024-09-06,-0.0007257595711829224,27
2024-09-09,0.031439408334267324,27
2024-09-10,0.005579646173104349,31
2024-09-11,-0.020265779053872106,37
2024-09-12,-0.005397893852671348,33
2024-09-13,0.017625131793679385,36
2024-09-16,-0.011306055645531258,34
2024-09-17,0.008569467719894667,34
2024-09-18,0.00384150478625063,33
2024-09-19,0.006819934443737239,30
2024-09-20,-0.007147473848008006,28
2024-09-23,-0.03507828324883396,24
2024-09-24,0.011169284776136776,22
2024-09-25,-0.0021134567620462205,21
2024-09-26,0.008601511104588897,23
2024-09-27,0.007045462639775439,32
2024-09-30,-0.002483311726178684,47
2024-10-01,-0.0059655406995298135,54
2024-10-02,-0.00010745623925108691,49
2024-10-03,8.872252718109645e-05,45
2024-10-04,0.006878798251956108,35
2024-10-07,-0.0034409142214659317,29
2024-10-08,-0.0019103450182416614,24
2024-10-09,-0.003174156964965207,30
2024-10-10,-7.842562522374693e-05,32
2024-10-11,0.021320868231357523,34
2024-10-14,-0.007894567023542366,30
2024-10-15,0.01616697668981005,30
2024-10-16,0.020515389023108947,32
2024-10-17,-0.004084429562055281,33
2024-10-18,0.003330023006621108,28
2024-10-21,-0.015875417934771863,22
2024-10-22,-0.005997766736605769,20
2024-10-23,-0.020077037951439683,12
2024-10-24,-0.002155705702187232,9
2024-10-25,0.01600605716472464,10
2024-10-28,0.02752091281404679,20
2024-10-29,-0.01877088219447937,25
2024-10-30,0.013159771682349854,23
2024-10-31,0.009268222228559622,24
2024-11-01,0.008541062142417058,28
2024-11-04,0.03227063543701792,20
2024-11-05,0.017712314342053007,19
2024-11-06,0.017645475633821364,27
2024-11-07,-0.024916685664452595,29
2024-11-08,-0.01780644082873848,24
2024-11-11,-0.00644449359622033,29
2024-11-12,-0.0024529659904986944,28
2024-11-13,-0.003941829545162601,28
2024-11-14,5.680689581993899e-05,34
2024-11-15,-0.02366885468350034,40
2024-11-18,-0.013334425431144317,41
2024-11-19,0.005383567155651272,35
2024-11-20,-0.00402401852407283,26
2024-11-21,0.0031735003876619183,16
2024-11-22,0.02805715578486888,8
2024-12-02,-0.05452106283016758,2
2024-12-03,-0.028758740077964664,2
2024-12-04,-0.029575145204646207,4
2024-12-05,-0.008306801260026302,9
2024-12-06,0.00791452594962465,15
2024-12-09,-0.012452031020647061,27
2024-12-10,-0.011026753873046101,36
2024-12-11,-0.04916859720301642,42
2024-12-12,-0.03122549335995185,41
2024-12-13,-0.02946985098847254,37
2024-12-16,0.00975416252598826,30
2024-12-17,-0.007719692848132452,38
2024-12-18,-0.022957472875181118,49
2024-12-19,0.014075218058630346,54
2024-12-20,-0.0019783847029833553,68
2024-12-23,-0.013064612230577446,64
2024-12-24,-0.006184116052991448,51
2024-12-26,0.028161703376939063,38
2024-12-27,-0.00883819255430009,45
2024-12-30,0.0030756042738297497,31
2024-12-31,0.010471864893202905,34
2025-01-02,0.021701921785713035,36
2025-01-03,0.027941013381854243,31
2025-01-06,-0.018451027752884458,17
2025-01-07,-0.010089940300761666,16
2025-01-08,-0.01955707764208122,11
2025-01-10,-0.04194653835410458,5
2025-01-13,-0.028226477104515257,8
2025-01-14,-0.03929653396184604,12
2025-01-15,0.013461469842580827,21
2025-01-16,-0.01470393522406908,49
2025-01-17,-0.013740731522798892,59
2025-01-21,0.010503345487382602,72
2025-01-22,-0.006014874433924947,84
2025-01-23,0.005419960994871086,83
2025-01-24,-0.009070335479027398,62
2025-01-27,0.0050491048253685075,60
2025-01-28,-0.011831014066743849,52
2025-01-29,0.010069618212228335,38
2025-01-30,0.014352973204353477,36
2025-01-31,-0.00045640797361090314,30
2025-02-03,-0.004634382166241423,24
2025-02-04,0.031023525654710005,17
2025-02-05,0.0574560010402144,20
2025-02-06,-0.032170659927510586,18
2025-02-07,-0.024828637559351534,18
2025-02-10,-0.01230153667676503,17
2025-02-11,-0.0625119217342354,18
2025-02-12,-0.003559070721036553,14
2025-02-13,0.01913018874735123,24
2025-02-14,0.017559025599063655,36
2025-02-18,-0.029761779480948033,53
2025-02-19,0.0043861619393490555,50
2025-02-20,-0.007758636404847667,47
2025-02-21,0.014868349461235532,32
2025-02-24,-0.03381563922421679,18
2025-02-28,-0.002739036503608609,11
2025-03-03,-0.04188573255545286,17
2025-03-04,0.0288788023395067,24
2025-03-05,0.017491032601740397,34
2025-03-06,0.0017651911583455152,45
2025-03-07,-0.006785668472947135,38
2025-03-10,-0.01948145066489417,34
2025-03-11,0.018652772415784512,30
2025-03-12,0.00811606796805129,24
2025-03-13,-0.01977953992885782,13
2025-03-14,0.007201348842732039,13
2025-03-17,-0.005198181349952269,17
2025-03-18,-0.0036297129605426266,24
2025-03-19,0.02072239216245491,27
2025-03-20,-0.007896092490523827,34
2025-03-21,0.009329638641223022,32
2025-03-24,0.008599448922652091,29
2025-03-25,-0.04062988449400896,27
2025-03-26,0.004070059626573275,26
2025-03-27,-0.004727745364579238,28
2025-03-28,-0.021129046975615868,36
2025-03-31,-0.03890238862996914,37
2025-04-01,-0.043918707375368,30
2025-04-02,0.006237075880984036,28
2025-04-03,-0.015414347846388902,40
2025-04-04,0.009933128181954761,35
2025-04-07,0.009180425235230301,55
2025-04-08,-0.049483503780832376,59
2025-04-09,-0.01981402104812495,62
2025-04-10,-0.006591358513554456,46
2025-04-11,0.041314057683871294,62
2025-04-14,0.014609493755283146,55
2025-04-15,0.027368811217766922,71
2025-04-16,0.0014400430531219322,75
2025-04-17,0.018069918617972684,78
2025-04-21,0.05480284964516473,61
2025-04-22,0.008417072015739362,47
2025-04-23,0.004034123672246042,27
2025-04-24,0.02013749526672269,16
2025-04-25,-0.01549506457056498,8
2025-04-28,0.0034299644174931926,4
2025-04-29,-0.0016891682409796373,4
2025-04-30,0.014663665938563275,5
2025-05-01,-0.007774169514136357,13
2025-05-02,-0.01782754823777658,15
2025-05-05,-0.01958830558898969,21
2025-05-06,-0.03612831581807004,20
2025-05-07,-0.0002502542864482427,20
2025-05-08,0.03576031656780526,26
2025-05-09,-0.012317595025521195,49
2025-05-12,0.003706778206027505,55
2025-05-13,-0.025116509351912057,68
2025-05-14,-0.007528883953937651,75
2025-05-15,0.007745339815032819,67
2025-05-16,0.004495286155441258,59
2025-05-19,0.0273535017029388,71
2025-05-20,0.011666199799798996,56
2025-05-21,-0.007424335838898941,47
2025-05-22,0.014329350774788883,41
2025-05-23,0.01888832867064135,24
2025-05-30,-0.020961738493943317,5
2025-06-02,0.04694860724620174,8
2025-06-03,0.031201332702523656,10
2025-06-04,0.01668506448709545,12
2025-06-05,0.007137451541579941,13
2025-06-06,-0.0044827445903176865,11
2025-06-09,0.0078009514265424225,9
2025-06-10,-0.008091343601332767,10
2025-06-11,-0.014480141686625429,9
2025-06-12,-0.018144003157406247,9
2025-06-13,0.0017497004954808845,9
2025-06-16,0.006428598916901577,11
2025-06-17,-0.016826338399338565,13
2025-06-18,0.014088798776140563,13
2025-06-20,-0.02796700907166248,19
2025-06-23,-0.003180505363919065,25
2025-06-24,0.06424037331664746,26
2025-06-25,-0.014069041832620768,25
2025-06-26,-0.012050325123156144,27
2025-06-27,-0.026834341713851472,23
2025-06-30,-0.0035293033929407213,18
2025-07-01,0.028466112017921416,16
2025-07-02,0.02642674989947967,15
2025-07-03,0.007297854025151011,21
2025-07-07,0.006760701710234405,21
2025-07-08,0.02889168999245772,18
2025-07-09,0.01702391004049422,17
2025-07-10,0.04553104413004,16
2025-07-11,0.009814907097197258,7
2025-07-14,0.009091629283764757,4
2025-07-15,-0.012196465493049855,3
2025-07-16,0.013014768433807201,2
2025-07-17,-0.020993028300451782,5
2025-07-18,0.004726111603259571,9
2025-07-21,0.004165768179568329,10
2025-07-22,0.01922041620495523,14
2025-07-23,0.01303319216359905,18
2025-07-24,-0.020741658304423802,16
2025-07-25,-0.005685182820648043,13
2025-07-28,0.004301441581100159,15
2025-07-29,0.007670469603545976,15
2025-07-30,0.000481495695506035,15
2025-07-31,0.00020973381013737616,16
2025-08-01,0.011426434210342347,16
2025-08-04,-0.015001181947090506,19
2025-08-05,-0.008253216584309536,17
2025-08-06,-0.009453303553541912,24
2025-08-07,-0.015663325211598873,22
2025-08-08,-0.03475571865987079,26
2025-08-11,-0.005324692316888627,23
2025-08-12,0.0016195980397621618,26
2025-08-13,0.04013689187805208,27
2025-08-14,-0.011107627148620857,32
2025-08-15,0.011855732865072592,28
2025-08-18,0.012459053302095619,31
2025-08-19,-0.010331244558027296,26
2025-08-20,-0.002612370469022167,14
2025-08-21,0.0074044761125316,7
2025-08-22,0.010165547612528225,6
2025-09-02,0.18993079256078668,1
2025-09-03,-0.008812607591769293,4
2025-09-04,0.0029049086263454272,5
2025-09-05,0.04024712939776416,7
2025-09-08,-0.031284057561891475,10
2025-09-09,-0.022170493134453347,11
2025-09-10,-0.03530750973726784,10
2025-09-11,0.012146170213827263,11
2025-09-12,-0.009391293798813793,10
2025-09-15,-0.006460657849631823,14
2025-09-16,-0.006533262992678243,17
2025-09-17,-0.004810419990911537,25
2025-09-18,0.025395717128543098,37
2025-09-19,-0.009591201217325577,42
2025-09-22,0.02482220229129554,38
2025-09-23,-0.00027589248027912216,43
2025-09-24,0.026870808193597093,37
2025-09-25,-0.008990966239466979,26
2025-09-26,0.03493795308828945,21
2025-09-29,-0.020967673666368435,21
2025-09-30,-0.02520872718775618,13
2025-10-01,-0.013700905565451194,10
2025-10-02,0.01792101928202214,9
2025-10-03,0.05396752828909913,12
2025-10-06,-0.002162003571545394,13
2025-10-07,0.007946330049704128,15
2025-10-08,0.010324358033690618,17
2025-10-09,-0.0018000918882428664,19
2025-10-10,0.0015901220858968075,17
2025-10-13,-0.00024161699185763568,18
2025-10-14,0.0179739575944928,17
2025-10-15,0.006253584480192539,17
2025-10-16,-0.0009752055261432488,14
2025-10-17,-0.02640536752697148,13
2025-10-20,0.02674987580498992,9
2025-10-21,-0.004826274547665961,15
2025-10-22,-0.012052151952898294,12
2025-10-23,0.011040926537167291,14
2025-10-24,0.02694884017090219,22
2025-10-27,0.018116310145584392,28
2025-10-28,-0.010160634528193008,23
2025-10-29,-0.007162207555845724,25
2025-10-30,0.014791754113094484,22
2025-10-31,0.00021487690064982267,21
2025-11-03,-0.02198125873140621,19
2025-11-04,-0.0024957502259935088,17
2025-11-05,-0.006079178317743956,21
2025-11-06,-0.0055175645525524075,27
2025-11-07,0.00860388196791219,24
2025-11-10,0.0028063159150552154,27
2025-11-11,0.02122701958186929,32
2025-11-12,-0.011577924425486701,36
2025-11-13,-0.01195810404089936,40
2025-11-14,-0.012534253008891539,40
2025-11-17,0.003522937281306678,33
2025-11-18,0.015467294286496094,30
2025-11-19,-0.006103807613894413,20
2025-11-20,-0.0006033629327424914,10
2025-11-21,0.0030317278693812845,5
2025-11-24,0.007690328084044993,4
2025-12-01,-0.04144802027030738,1
2025-12-02,0.017815163343112263,1
2025-12-03,0.01647876525426937,5
2025-12-04,0.027162314154253457,23
2025-12-05,-0.0038169138803590776,27
2025-12-08,0.045015519553278045,30
2025-12-09,0.008011435165247757,35
2025-12-10,0.01124415951375039,37
2025-12-11,0.007926977414618647,21
2025-12-12,-0.0010636654679241258,21
2025-12-15,-0.012698620591451937,23
2025-12-16,-0.006571765644201108,19
2025-12-17,-0.004056761641932887,20
2025-12-18,-0.0003224180297750935,22
2025-12-19,0.001121214255954197,22
2025-12-22,0.03318995384071332,24
2025-12-23,-0.011593590523651312,28
2025-12-24,0.015318458364902997,24
2025-12-26,-0.006066692781145933,26
2025-12-29,-0.02793859477033954,25
2025-12-30,-0.0014300747088792744,21
2025-12-31,0.029108630249776595,19
2026-01-02,0.0013728536717420817,25
2026-01-05,0.023121437833819886,23
2026-01-06,-0.010366518184756299,24
2026-01-07,0.04188014591390278,26
2026-01-08,-0.008975514791041717,33
2026-01-09,-0.006897271273525801,30
2026-01-12,0.0006769899943204838,31
2026-01-13,0.018424576289012274,32
2026-01-14,0.02159861936532994,31
2026-01-15,-0.026570747121369163,22
2026-01-16,-0.010255576161149305,17
2026-01-20,0.03466184071629918,17
2026-01-21,0.003926430005270773,14
2026-01-22,0.016842198645275287,16
2026-01-23,-0.009286777566788553,21
2026-01-26,-0.008312357619927085,20
2026-01-27,-0.017978934474768928,16
2026-01-28,-0.00375307169549736,16
2026-01-29,-0.024151300255079475,11
2026-01-30,-0.049529053809030534,6
2026-02-02,-0.0008361570341059305,11
2026-02-03,0.012609504996021948,22
2026-02-04,-0.02522915835267518,24
2026-02-05,-0.03295582853927172,28
2026-02-06,0.020580955787560046,28
2026-02-09,0.017791098016685315,39
2026-02-10,-0.0003873302612016284,39
2026-02-11,-0.014338252576001156,40
2026-02-12,-0.025427129668785076,35
2026-02-13,0.006616930988502174,35
2026-02-17,-0.005232799703642219,23
2026-02-18,0.022666037026796045,15
2026-02-19,-0.03716941775179183,10
2026-02-20,-0.016939264255113815,9
2026-02-23,-0.018894416987973568,8
2026-02-24,0.015874276417040204,4
